Asset_Class,horizon_years,expected_return_pct,lower_return_pct,upper_return_pct
foreign_cash,1,0.019065497968116407,-0.02323580535317038,0.060060595247908743
foreign_cash,2,0.019303777486583407,-0.011091426796054349,0.04864206329164311
foreign_cash,3,0.01932008027692267,-0.005166434367952943,0.04312457075848086
foreign_cash,4,0.019289156459397994,-0.0017811484450731552,0.03999144962021561
foreign_cash,5,0.019247270273708983,8.034799498779499e-05,0.03795850058781225
foreign_cash,6,0.0193081100951078,0.0016452058650406887,0.03614156148856229
foreign_cash,7,0.01935181540838493,0.0032995470750780687,0.0350123089520773
foreign_cash,8,0.019308136983710256,0.003983943096382836,0.033778691857755616
foreign_cash,9,0.019316514558914477,0.004934340359720402,0.032907303298360446
foreign_cash,10,0.0192934880500224,0.005665399596651355,0.03223738934722231
foreign_cash,11,0.01930428189306488,0.006282553817195113,0.031504192114408136
foreign_cash,12,0.019305589757535824,0.006828241049912975,0.030870807215849005
foreign_cash,13,0.01933148310018562,0.00736251240080632,0.0305887613527982
foreign_cash,14,0.019315729275205307,0.007767833142504399,0.030162899499562634
foreign_cash,15,0.019295287880332745,0.008152688375564265,0.02974386276145169
foreign_cash,16,0.019276232517667857,0.008575491396608736,0.029293064212710274
foreign_cash,17,0.019296632055857854,0.00891897796308938,0.02906676660619323
foreign_cash,18,0.019319132365847702,0.009265700093267437,0.02889286791356449
foreign_cash,19,0.019333646144367167,0.009447557219860903,0.028636222605658235
foreign_cash,20,0.019348009876585692,0.00968974967286318,0.02832137648426314
foreign_cash,21,0.019335194920204524,0.009959154388040625,0.02814872222573306
foreign_cash,22,0.019339780056123912,0.010297217860851138,0.027997951126282006
foreign_cash,23,0.01934558001261988,0.010424144341883101,0.027800613466941293
foreign_cash,24,0.019337944655250183,0.010597962850448006,0.027548501469434994
foreign_cash,25,0.01931746233533449,0.010817080157794035,0.027417481954540746
foreign_cash,26,0.01932127911562742,0.010905774271066315,0.02727380298898141
foreign_cash,27,0.019330591938541808,0.011034077410434717,0.027200646668574358
foreign_cash,28,0.019329380629435233,0.011202167350022885,0.02698781031019659
foreign_cash,29,0.019334912178306185,0.0113158710738126,0.026885746388496834
foreign_cash,30,0.019336532091359437,0.011459854523132362,0.026721682661857038
foreign_cash,31,0.01933731088045132,0.011605274141943012,0.026618256081980762
foreign_cash,32,0.019330609244835983,0.011686395785484915,0.026482982555364742
foreign_cash,33,0.019330507919285367,0.011796112403928083,0.02636718601768684
foreign_cash,34,0.019338258546442333,0.011810071040475156,0.02634817044056903
foreign_cash,35,0.019342218151207957,0.011984196670785874,0.02624659210009095
foreign_cash,36,0.019328297687513096,0.011955780083402034,0.026101467888810292
foreign_cash,37,0.01932667637225216,0.012100392821605244,0.02597160450471181
foreign_cash,38,0.019329700723699883,0.012233298514095381,0.025874682269474425
foreign_cash,39,0.019328991792177508,0.012291665200253155,0.025776368846442077
foreign_cash,40,0.01932861232131944,0.012394806499991917,0.025735337862957897
foreign_cash,41,0.019331337939883397,0.01251934607250571,0.025662879790073534
foreign_cash,42,0.019324135887340166,0.012533599678966612,0.025574974395067507
foreign_cash,43,0.01931302787617417,0.012611836425811651,0.02552546401227107
foreign_cash,44,0.019320627769787047,0.012681411618137961,0.025432065018533345
foreign_cash,45,0.019323281280616333,0.012778113341700426,0.025383012713823483
foreign_cash,46,0.01931145210789409,0.012835692817835254,0.025290100945964733
foreign_cash,47,0.019312673461057583,0.012873625678034406,0.02515842045396144
foreign_cash,48,0.01931208924906369,0.01297387185422716,0.02501551484394504
foreign_cash,49,0.019309528139283216,0.013069105825306737,0.02500683980366758
foreign_cash,50,0.019310564767655913,0.01315033534950727,0.024989122584321732
foreign_cash,51,0.019298238543961288,0.01318536142558413,0.02486015633070604
foreign_cash,52,0.019303682354782747,0.013220445366661115,0.02491213717451579
foreign_cash,53,0.01931167132222944,0.013284365585195301,0.02481644372872638
foreign_cash,54,0.019314890752066827,0.013369097449761114,0.02474445206309417
foreign_cash,55,0.019318488822305913,0.01344189466079837,0.02467203734734258
foreign_cash,56,0.01932436827424322,0.013494190245586735,0.024628510323407404
foreign_cash,57,0.01933019323444829,0.013523375185895192,0.02456872295848811
foreign_cash,58,0.019336606963751723,0.013615540656123803,0.024517594053547587
foreign_cash,59,0.019331714536746425,0.013650661925766583,0.0244994593115746
foreign_cash,60,0.0193418518275692,0.013712156738183934,0.024464727937547615
foreign_cash,61,0.01934567727043479,0.013731643412810968,0.02443585228676759
foreign_cash,62,0.019349666469619997,0.013766856582049902,0.02438405563449253
foreign_cash,63,0.019345939974005022,0.013810639981361117,0.024362374202888226
foreign_cash,64,0.019345748697813026,0.013872768477823039,0.024246048787856633
foreign_cash,65,0.019339548094926773,0.013869372317538042,0.02419976021880177
foreign_cash,66,0.019343867253913904,0.01393014610148069,0.024192860324579568
foreign_cash,67,0.01934894929037867,0.013916877550868234,0.024167424765217937
foreign_cash,68,0.019354464512177927,0.013988456428001284,0.024127278255075213
foreign_cash,69,0.019362382166711267,0.014028383419151913,0.02414052552939716
foreign_cash,70,0.019358536212462862,0.014101520131434286,0.024138516159216694
foreign_cash,71,0.019358281854698678,0.014159292431667803,0.024048758549773952
foreign_cash,72,0.019353315207059074,0.014169699747891062,0.023995729049160364
foreign_cash,73,0.01936128933644765,0.01416780900480119,0.023945518250215958
foreign_cash,74,0.019364609578352843,0.014232000208028062,0.02392561743394972
foreign_cash,75,0.01936422899363821,0.01422998101342765,0.023948855438396643
foreign_cash,76,0.019353381805556458,0.014265392251763709,0.023909405189088906
foreign_cash,77,0.01934767356820588,0.014281231919228032,0.023892874921475515
foreign_cash,78,0.01934196902763663,0.014303970144595946,0.023848031669990055
foreign_cash,79,0.019342363898461556,0.014378366366801565,0.023790390902228342
foreign_cash,80,0.019344721841935364,0.01440191690590864,0.023761645188417058
foreign_cash,81,0.019343637830265603,0.014416373012984929,0.023733305422891426
foreign_cash,82,0.019348452093911783,0.014407744233611464,0.023727825856196816
foreign_cash,83,0.01934820225395395,0.01444008622791415,0.023647824841528386
foreign_cash,84,0.019351906200296476,0.014455217703376322,0.023620298726218403
foreign_cash,85,0.019348648263544987,0.014444549791907901,0.02362164445302195
foreign_cash,86,0.01935336234940155,0.014529651612568806,0.023590653826055075
foreign_cash,87,0.019350337976846932,0.014540274024907207,0.023562382758152145
foreign_cash,88,0.019352450417380318,0.014568281946089723,0.023563596602086845
foreign_cash,89,0.01935217812973855,0.014612404909742915,0.02349992131875256
foreign_cash,90,0.019352460999690235,0.014625957307974113,0.023444577716986492
foreign_cash,91,0.019349580646795594,0.014630009321292103,0.0234367867991645
foreign_cash,92,0.019349801881943574,0.014656564134521544,0.02342266367591317
foreign_cash,93,0.01934399195476577,0.014666026818760614,0.02338737603736374
foreign_cash,94,0.019346136259992264,0.014695885952260124,0.023356149702558504
foreign_cash,95,0.019346073557752197,0.014711541357133262,0.023344336126811083
foreign_cash,96,0.019348219657304044,0.01477184655848185,0.023304482558240247
foreign_cash,97,0.0193513182081817,0.014802706662526699,0.023270107905308812
foreign_cash,98,0.019350621412003166,0.014812231262466558,0.02328736748146265
foreign_cash,99,0.019348142390270606,0.014832734933575953,0.0232040016819961
foreign_cash,100,0.019347889366796656,0.014858780082854128,0.023197061698513766
foreign_global_equity,1,0.08824138159513062,-0.1503912535225127,0.32598753734638986
foreign_global_equity,2,0.0895087261901042,-0.08203854842099267,0.2525529089444345
foreign_global_equity,3,0.0895836073233105,-0.05347296315747785,0.2198436109039934
foreign_global_equity,4,0.08918877702080197,-0.03546646733064307,0.2002157449980555
foreign_global_equity,5,0.08869826412836246,-0.024376032658965707,0.18780279066919925
foreign_global_equity,6,0.088343103275631,-0.014659542731794595,0.17718739186559174
foreign_global_equity,7,0.08841739718325026,-0.00850387851293144,0.17001322260373675
foreign_global_equity,8,0.08833253655187345,-0.0019239054089520424,0.16320198481164638
foreign_global_equity,9,0.08857323793682403,0.003428893978918879,0.15877992502401517
foreign_global_equity,10,0.08857229012383083,0.007636912554212838,0.15429963317103934
foreign_global_equity,11,0.08872843423363208,0.011513951527599042,0.15105839069327698
foreign_global_equity,12,0.08880554162944798,0.013945853738103198,0.14831613800986254
foreign_global_equity,13,0.08882361377293835,0.01659130442918033,0.14555327763435533
foreign_global_equity,14,0.08901277621917081,0.018626989228507584,0.14365101914087308
foreign_global_equity,15,0.08887550027610414,0.02038752354357687,0.14121052059861428
foreign_global_equity,16,0.08893673292493731,0.022183919511692407,0.1390717845048579
foreign_global_equity,17,0.08884488321812523,0.022912593086208632,0.13694408851659157
foreign_global_equity,18,0.08872499601725559,0.025002328814246022,0.1353873526553484
foreign_global_equity,19,0.08875820966459003,0.026628459400920068,0.133439867465329
foreign_global_equity,20,0.08870910447604596,0.027788727599965313,0.13240496051783857
foreign_global_equity,21,0.08874804653948232,0.029008427070214893,0.13146901088981622
foreign_global_equity,22,0.08885567772385583,0.03020849672060444,0.1300655966829063
foreign_global_equity,23,0.08883938031189653,0.03104001719756777,0.12847635271155067
foreign_global_equity,24,0.08888702370036294,0.03171127551603958,0.12800282382724415
foreign_global_equity,25,0.08893166924803486,0.03331036552034905,0.12707032566319
foreign_global_equity,26,0.08888035471417965,0.03377965189091481,0.12635278425060292
foreign_global_equity,27,0.08890592874373704,0.034880080415737424,0.12543221726995468
foreign_global_equity,28,0.08887803838897357,0.035454396844091685,0.12391498911499244
foreign_global_equity,29,0.0889016369289688,0.03614407910719608,0.12306637344376026
foreign_global_equity,30,0.08898246227325934,0.03707266699451228,0.12281283884387606
foreign_global_equity,31,0.08895653681717763,0.03786642345706892,0.1217136095778657
foreign_global_equity,32,0.08892621808741086,0.03854717881992786,0.12084404860657338
foreign_global_equity,33,0.08893339607744855,0.03920184273488703,0.12019885447628065
foreign_global_equity,34,0.08892693225594961,0.03978651482708062,0.12007700425067314
foreign_global_equity,35,0.08893849059526793,0.040498224350867584,0.11914045484601732
foreign_global_equity,36,0.08901861581708448,0.04119425576913227,0.11886097823149977
foreign_global_equity,37,0.08905026474969491,0.04153647100413749,0.11825447440625814
foreign_global_equity,38,0.08899601968804238,0.042177836043037154,0.11774005044663594
foreign_global_equity,39,0.08894073268761926,0.042579021055329846,0.11708604682795865
foreign_global_equity,40,0.08893288947405176,0.042615701315426024,0.11665831745217381
foreign_global_equity,41,0.08894662696251299,0.04344361045255396,0.11631098636485881
foreign_global_equity,42,0.08890147625150702,0.04375196251770741,0.11590199617671448
foreign_global_equity,43,0.08896943536256718,0.04400966375673332,0.11536284228872096
foreign_global_equity,44,0.08893914296020156,0.044600939871084266,0.11531637293719488
foreign_global_equity,45,0.08890118233826261,0.0447576795380189,0.11510042766014017
foreign_global_equity,46,0.08890806328582013,0.045254104510027426,0.1149107979687789
foreign_global_equity,47,0.0889026499814376,0.04554919823394754,0.11462974073065824
foreign_global_equity,48,0.08887009401573986,0.045958434376362156,0.11405790935873705
foreign_global_equity,49,0.0888856957494717,0.0460652583333816,0.1139124619000107
foreign_global_equity,50,0.08892214637898888,0.046521720525918075,0.1135229963093296
foreign_global_equity,51,0.08892276298160251,0.0467815090814343,0.1132652071526743
foreign_global_equity,52,0.08893719960738333,0.04730770338425461,0.11282463112790797
foreign_global_equity,53,0.0889887767053601,0.047431202045979504,0.11250981231046397
foreign_global_equity,54,0.08893075997429811,0.047773137496796014,0.11196833164725906
foreign_global_equity,55,0.08893675179575977,0.04816588714510117,0.11183820533840727
foreign_global_equity,56,0.0889483204542314,0.04831464555594467,0.11125491150106281
foreign_global_equity,57,0.08897094300365849,0.04847338086343589,0.11117538046745756
foreign_global_equity,58,0.0889687739821805,0.04862711485690774,0.11082983294409132
foreign_global_equity,59,0.08896085116014696,0.049176084029761036,0.11015937963474887
foreign_global_equity,60,0.08900552739209533,0.049269858131608224,0.11008844278923435
foreign_global_equity,61,0.08900688738566975,0.04938382957679566,0.11008199709640376
foreign_global_equity,62,0.08902309351599635,0.04980190340719748,0.10965958017473132
foreign_global_equity,63,0.08900641565170764,0.04995202562591894,0.10912669848766576
foreign_global_equity,64,0.0889858766418794,0.05019532176361574,0.108825604253866
foreign_global_equity,65,0.08898965512174084,0.050209995204141045,0.10877215373983673
foreign_global_equity,66,0.08898712105048512,0.05019667587689702,0.10835758958001995
foreign_global_equity,67,0.08901264059322656,0.05067403111278601,0.10800575622433128
foreign_global_equity,68,0.08899323283972671,0.0507407344026678,0.10801020928167082
foreign_global_equity,69,0.08897632126296484,0.050928353549315686,0.1078175727984354
foreign_global_equity,70,0.08898123156316617,0.051219858740611635,0.10784148018067752
foreign_global_equity,71,0.08899460088124189,0.051462306815528436,0.10742784069934985
foreign_global_equity,72,0.0890493587006429,0.0518225803425314,0.10741897241657172
foreign_global_equity,73,0.08898333869419162,0.05215575273885342,0.10732950628612659
foreign_global_equity,74,0.08895982063006613,0.052310025344922684,0.1070130157132283
foreign_global_equity,75,0.08891094032596092,0.05240642771877391,0.10670384372024366
foreign_global_equity,76,0.08891846807091364,0.0527985666080899,0.10643907920386186
foreign_global_equity,77,0.08890483480491218,0.05280467753390328,0.10622771702840073
foreign_global_equity,78,0.08882189546864239,0.05307239320411683,0.10591605954138905
foreign_global_equity,79,0.08877139718179627,0.05287513539168898,0.1058505081656842
foreign_global_equity,80,0.08876251508459032,0.052846492267841105,0.10592664985153344
foreign_global_equity,81,0.08876842182335776,0.0530528183017136,0.10563101452788404
foreign_global_equity,82,0.08882285404017742,0.05350377160421127,0.10574698175802943
foreign_global_equity,83,0.08879486470338849,0.05347980375793959,0.105491397081511
foreign_global_equity,84,0.08882467002935512,0.05359812797225705,0.1053898781684579
foreign_global_equity,85,0.08881779425648317,0.05383993673492604,0.10516755670862432
foreign_global_equity,86,0.08882200008717689,0.05390837634822199,0.10498094141446712
foreign_global_equity,87,0.08884239535877958,0.054432741660989326,0.10503979671124619
foreign_global_equity,88,0.08894192698862691,0.054391080566381866,0.10496920793928943
foreign_global_equity,89,0.08893855865194955,0.05458777653520541,0.10459209749005449
foreign_global_equity,90,0.08899004057423787,0.05473455995932808,0.10450153923883643
foreign_global_equity,91,0.08904468800831333,0.054905302026301506,0.10447570761248204
foreign_global_equity,92,0.08903973855856373,0.05486218858957237,0.1042501900850683
foreign_global_equity,93,0.08900693891350486,0.055041837950528416,0.10414947227681792
foreign_global_equity,94,0.08899000329571094,0.055185960730292694,0.10391694468979584
foreign_global_equity,95,0.0889855917488096,0.05527808634413822,0.10371753107720671
foreign_global_equity,96,0.08901254180185969,0.055227099691427695,0.1037129534655925
foreign_global_equity,97,0.0890504419548459,0.0553288091228028,0.10343172754089314
foreign_global_equity,98,0.08905641360147065,0.055603303733053444,0.10339509818324055
foreign_global_equity,99,0.08904666898597258,0.05592056573566051,0.10319743151396676
foreign_global_equity,100,0.08904467780410452,0.05601428272261799,0.1032029011093738
foreign_interest_rate_instruments,1,0.008456377677303895,-0.09099419735166658,0.10943119876430996
foreign_interest_rate_instruments,2,0.00967455308667775,-0.0626813248821807,0.08050549892663628
foreign_interest_rate_instruments,3,0.009705818668649835,-0.04928283458035476,0.06704468571858424
foreign_interest_rate_instruments,4,0.01003508066809311,-0.0413022813050925,0.059768256458184066
foreign_interest_rate_instruments,5,0.010154390374240707,-0.03645661841984893,0.05388844685923133
foreign_interest_rate_instruments,6,0.010269153095205041,-0.03272295524637714,0.05001973510325741
foreign_interest_rate_instruments,7,0.010221569801712294,-0.029822354699313047,0.04661087639579109
foreign_interest_rate_instruments,8,0.010224595137668935,-0.027882439173827267,0.044202971905650035
foreign_interest_rate_instruments,9,0.010260436021155117,-0.025622208285856374,0.042018764021981125
foreign_interest_rate_instruments,10,0.010332787492953743,-0.02365762021263562,0.040762730620666154
foreign_interest_rate_instruments,11,0.010397107193632182,-0.022260073955902016,0.039336641730688626
foreign_interest_rate_instruments,12,0.01042157816743372,-0.020519005107733634,0.038111458105307694
foreign_interest_rate_instruments,13,0.010338608498611235,-0.019583795181642882,0.036370610304720774
foreign_interest_rate_instruments,14,0.010326631494417704,-0.01866602557976127,0.03566405968462427
foreign_interest_rate_instruments,15,0.010406912538546198,-0.01781724097731885,0.03476829416947358
foreign_interest_rate_instruments,16,0.010368893242341803,-0.016806421615149225,0.03437174513641139
foreign_interest_rate_instruments,17,0.01041467774110627,-0.016173106240293333,0.033618376296939756
foreign_interest_rate_instruments,18,0.010437158300213412,-0.01565608211340408,0.0328206793396415
foreign_interest_rate_instruments,19,0.010491154884177956,-0.014591159982905166,0.0320254121869914
foreign_interest_rate_instruments,20,0.010530777072168984,-0.013932050859521428,0.031599825289172934
foreign_interest_rate_instruments,21,0.010504932428123448,-0.013531985794673296,0.030889580406376682
foreign_interest_rate_instruments,22,0.010486740439779041,-0.012932004386898566,0.03041528478172828
foreign_interest_rate_instruments,23,0.01047778789680609,-0.012486879511977023,0.030010869504204507
foreign_interest_rate_instruments,24,0.010493335514269564,-0.012353325912447533,0.02943878377564113
foreign_interest_rate_instruments,25,0.010465340667999978,-0.011793620355021406,0.029094029235024577
foreign_interest_rate_instruments,26,0.010447667188358656,-0.01138803761201157,0.02864274586582871
foreign_interest_rate_instruments,27,0.010410352973662329,-0.011064504520413854,0.02825803028508367
foreign_interest_rate_instruments,28,0.010435415419984162,-0.010686732676871702,0.02797977644912275
foreign_interest_rate_instruments,29,0.010413921357429912,-0.01029382112799504,0.027584035327853584
foreign_interest_rate_instruments,30,0.01043667245494806,-0.010113348512067133,0.02736596977660244
foreign_interest_rate_instruments,31,0.010466889928421041,-0.009744481742988809,0.027229559786773327
foreign_interest_rate_instruments,32,0.010443188438552742,-0.00946663320493768,0.02674111498587428
foreign_interest_rate_instruments,33,0.010440004231808908,-0.009127799759245603,0.02668785209396196
foreign_interest_rate_instruments,34,0.010438972812459202,-0.008717791456040902,0.026189862899566263
foreign_interest_rate_instruments,35,0.010441033578320935,-0.008439926706085843,0.026167924936287168
foreign_interest_rate_instruments,36,0.010427357211914456,-0.008181591351358874,0.02567320081053337
foreign_interest_rate_instruments,37,0.010465354543732097,-0.008141716868430793,0.025426620051028692
foreign_interest_rate_instruments,38,0.010468555758530229,-0.007937153891739102,0.025222631344070434
foreign_interest_rate_instruments,39,0.01047430514928882,-0.007714931308016704,0.02498865291493968
foreign_interest_rate_instruments,40,0.01047759529426906,-0.007634292202975068,0.024966771340234617
foreign_interest_rate_instruments,41,0.010493241703565914,-0.007392486081875704,0.02472371896320169
foreign_interest_rate_instruments,42,0.01048615410235132,-0.007316517782546383,0.024375831064797904
foreign_interest_rate_instruments,43,0.010496190794117233,-0.007052508384297829,0.024059086327919754
foreign_interest_rate_instruments,44,0.0104935998175395,-0.006898603445020912,0.023830891602757198
foreign_interest_rate_instruments,45,0.01047859782263827,-0.006686626472381385,0.023707659276780868
foreign_interest_rate_instruments,46,0.010477809242133596,-0.006755945686432563,0.02359828469763725
foreign_interest_rate_instruments,47,0.010468335525600336,-0.006608986579289544,0.02347000261322596
foreign_interest_rate_instruments,48,0.010475352431273954,-0.006359550564825289,0.023290009172812765
foreign_interest_rate_instruments,49,0.010447138463959282,-0.0061772960548688305,0.02304349713267939
foreign_interest_rate_instruments,50,0.010464701545035204,-0.00601114725803098,0.022946988497795973
foreign_interest_rate_instruments,51,0.010440186222882897,-0.005717450597214735,0.02278203723918848
foreign_interest_rate_instruments,52,0.010441158576680154,-0.00567083307281202,0.022683757912649538
foreign_interest_rate_instruments,53,0.010450053183021835,-0.0055366027942419516,0.022688142524283306
foreign_interest_rate_instruments,54,0.010476203079758717,-0.005299104557072609,0.022488541917096594
foreign_interest_rate_instruments,55,0.010468493305534565,-0.005284911364533573,0.022357015922458423
foreign_interest_rate_instruments,56,0.010462206281877107,-0.0051757109932109024,0.022248544000965875
foreign_interest_rate_instruments,57,0.010467238755061281,-0.0051143541049955,0.02218424698831356
foreign_interest_rate_instruments,58,0.01045430281959181,-0.0049366408511478665,0.022052343836359345
foreign_interest_rate_instruments,59,0.010441120527587833,-0.004810947823603917,0.02191841310092868
foreign_interest_rate_instruments,60,0.010438198778103702,-0.004725116153196485,0.021746704406411244
foreign_interest_rate_instruments,61,0.010464984655201848,-0.004603423991218714,0.02163717802240339
foreign_interest_rate_instruments,62,0.010466661641365116,-0.004524078582057833,0.021555761743291546
foreign_interest_rate_instruments,63,0.010466915739543614,-0.0043931600179378805,0.02145471608875682
foreign_interest_rate_instruments,64,0.010468111176304973,-0.004321373186799482,0.021288210528853213
foreign_interest_rate_instruments,65,0.010472468081889286,-0.004114730731248795,0.021196596145866886
foreign_interest_rate_instruments,66,0.010468182041035501,-0.003981204567639618,0.021021384527583953
foreign_interest_rate_instruments,67,0.01045545177391638,-0.003987682255113589,0.020946069222840036
foreign_interest_rate_instruments,68,0.010460663970924822,-0.003958506209502555,0.02081751948757571
foreign_interest_rate_instruments,69,0.01046094077673998,-0.0037421703805611273,0.02071545472169123
foreign_interest_rate_instruments,70,0.01048189679576672,-0.003613251619267399,0.020668130514937877
foreign_interest_rate_instruments,71,0.010480233531186212,-0.00346905056198743,0.020628969870861713
foreign_interest_rate_instruments,72,0.010478374626690767,-0.003422147996724023,0.02056452511265583
foreign_interest_rate_instruments,73,0.010488599105196394,-0.0033613604267234143,0.020468382776571925
foreign_interest_rate_instruments,74,0.010490641562538539,-0.003195130536795099,0.020549286598504413
foreign_interest_rate_instruments,75,0.010503765229249895,-0.0030814454110059675,0.02040505167644424
foreign_interest_rate_instruments,76,0.010505831038868374,-0.0030923746548219277,0.020359433861531384
foreign_interest_rate_instruments,77,0.010505613631453192,-0.002914517559853058,0.02021496944640533
foreign_interest_rate_instruments,78,0.010508875281684205,-0.002995486331946462,0.020177416674868054
foreign_interest_rate_instruments,79,0.010495140517831736,-0.002967469173368209,0.020162492816362843
foreign_interest_rate_instruments,80,0.010500790692357098,-0.002765837071970201,0.02000773843888415
foreign_interest_rate_instruments,81,0.010496130301146822,-0.0026944630232323963,0.02000394067790845
foreign_interest_rate_instruments,82,0.010492518418452335,-0.002573595541997098,0.01989642199732189
foreign_interest_rate_instruments,83,0.010492439562670874,-0.0024869974611334555,0.0198140786084553
foreign_interest_rate_instruments,84,0.010501506062919441,-0.002477496877265284,0.019856787528501396
foreign_interest_rate_instruments,85,0.010504668363793712,-0.0024462099812739835,0.019800378512170536
foreign_interest_rate_instruments,86,0.010512985890210214,-0.0022351437934327034,0.019775959063715876
foreign_interest_rate_instruments,87,0.010508977379830142,-0.002244128910932619,0.019736597324168992
foreign_interest_rate_instruments,88,0.01050958734457974,-0.0021531561236649566,0.01966315614885028
foreign_interest_rate_instruments,89,0.01051534257862552,-0.0020615146525093664,0.019681837308945127
foreign_interest_rate_instruments,90,0.010505481131094285,-0.002115755328158886,0.019538511899267474
foreign_interest_rate_instruments,91,0.010500019570785168,-0.0020259708480416805,0.019496177308571783
foreign_interest_rate_instruments,92,0.010492650686032334,-0.0019426013921286511,0.01949475379854193
foreign_interest_rate_instruments,93,0.010497298291080037,-0.0018732749120441428,0.01933804332291955
foreign_interest_rate_instruments,94,0.010493337405711678,-0.001877902149258981,0.019249309684928884
foreign_interest_rate_instruments,95,0.010498071777287565,-0.0018239827129775676,0.019219203917184347
foreign_interest_rate_instruments,96,0.01050140038875469,-0.0018749927758354712,0.01914568138054462
foreign_interest_rate_instruments,97,0.010498525306196882,-0.0018437312016386098,0.01909165135203028
foreign_interest_rate_instruments,98,0.010504183930121869,-0.0018139531455304558,0.018924914809913984
foreign_interest_rate_instruments,99,0.010510315574287166,-0.0016164588182462358,0.018868482953872334
foreign_interest_rate_instruments,100,0.010510999719899106,-0.0016297822661895944,0.01881380688974099
foreign_other_equity,1,0.06816371039933267,-0.195540852542595,0.3361722497938864
foreign_other_equity,2,0.06745751770923758,-0.13169377208571675,0.25257768495717614
foreign_other_equity,3,0.06871975882665304,-0.09748023985294108,0.2159621732741972
foreign_other_equity,4,0.06896930102727206,-0.07687783473903298,0.19564388677875932
foreign_other_equity,5,0.06895404173566466,-0.061825096071069785,0.17950790045253795
foreign_other_equity,6,0.06916006992300461,-0.051719500839484844,0.1685851312675284
foreign_other_equity,7,0.0690431464717578,-0.04501097426598044,0.15952370038094998
foreign_other_equity,8,0.0692557297655374,-0.038140396393311016,0.15403216714975954
foreign_other_equity,9,0.06912738648844519,-0.03347302782149386,0.14905983727988326
foreign_other_equity,10,0.06899723611599318,-0.0289941378600459,0.14316367137167596
foreign_other_equity,11,0.06920229812287126,-0.025223756514143658,0.13924294603141352
foreign_other_equity,12,0.06893036029249089,-0.02219902014783315,0.13500962010389794
foreign_other_equity,13,0.06901721510365455,-0.018157279633013945,0.1324276220155285
foreign_other_equity,14,0.06900825413453449,-0.01609919058303022,0.1290924073793307
foreign_other_equity,15,0.0689336924244428,-0.013216005643696627,0.12773595080785305
foreign_other_equity,16,0.06855161247686437,-0.01080436067898638,0.12462242766820197
foreign_other_equity,17,0.06869475493280586,-0.008513115576349484,0.122386032363482
foreign_other_equity,18,0.06887720129174091,-0.006855765082684928,0.12067650037454358
foreign_other_equity,19,0.06900427925135832,-0.005377210028031265,0.11921685910919289
foreign_other_equity,20,0.06884928394618473,-0.004154460887059175,0.11827080912715182
foreign_other_equity,21,0.06879780467188401,-0.0016382270025364631,0.11621492658904842
foreign_other_equity,22,0.06878701103756324,-0.0011577102800376382,0.11411363413538056
foreign_other_equity,23,0.06890703834483647,8.641789116992094e-05,0.11398513311695124
foreign_other_equity,24,0.06902109940902235,0.0009074315539239208,0.11307243391404986
foreign_other_equity,25,0.06904244763092637,0.0019833381970881803,0.11189132580297412
foreign_other_equity,26,0.06909198835229113,0.0034420868523101777,0.11006216416605152
foreign_other_equity,27,0.06907131992035187,0.004124752702332479,0.10858920740103395
foreign_other_equity,28,0.06894555656748524,0.005196786265552644,0.10799325767129875
foreign_other_equity,29,0.06885500545145673,0.00614672267626637,0.10745822313002096
foreign_other_equity,30,0.06881739082484284,0.007295741560561231,0.10685900807064086
foreign_other_equity,31,0.06886784318688699,0.007189614961149893,0.10612553890752241
foreign_other_equity,32,0.06896191845180488,0.00782763873782466,0.10542886985470235
foreign_other_equity,33,0.06894347324378547,0.008959574340997811,0.1047453307067785
foreign_other_equity,34,0.06898219966292185,0.009268423969195139,0.10380783346289801
foreign_other_equity,35,0.0691025735109072,0.010359192082381785,0.10298016435729984
foreign_other_equity,36,0.06916761389611281,0.011043331134412027,0.10262904424479813
foreign_other_equity,37,0.06916115816820212,0.011571416264191337,0.1018583112545588
foreign_other_equity,38,0.06917326299640658,0.012283899288748179,0.10121289805160005
foreign_other_equity,39,0.06920451980838038,0.012616288540652443,0.10092531956807904
foreign_other_equity,40,0.06923974796101029,0.013058194932902056,0.10029826110659723
foreign_other_equity,41,0.06916446247249497,0.013859390090519508,0.09969921597228959
foreign_other_equity,42,0.06909428258143957,0.013813823839831985,0.0991726244730613
foreign_other_equity,43,0.0690780685096537,0.01499761120143539,0.09891315588960037
foreign_other_equity,44,0.06890675668522572,0.015390976441639781,0.0978686697019644
foreign_other_equity,45,0.06894002269479849,0.015120260279872122,0.09738157662542801
foreign_other_equity,46,0.06893279269384545,0.01575106261527459,0.09711164301692654
foreign_other_equity,47,0.06896135325426656,0.016255183227581016,0.09674884464056666
foreign_other_equity,48,0.06895250799933605,0.017208302801795083,0.09652325296651232
foreign_other_equity,49,0.0688738755654279,0.017740881506614903,0.09645385455074784
foreign_other_equity,50,0.06897655641330691,0.01819037226488107,0.09601815806895275
foreign_other_equity,51,0.06894957046320416,0.01836751839315509,0.09576499191369225
foreign_other_equity,52,0.06896024439212378,0.01888933686702199,0.09522546806311549
foreign_other_equity,53,0.06891577191602893,0.019330990786399216,0.09465506852555228
foreign_other_equity,54,0.06890857728099875,0.01960737706468141,0.09412909974220374
foreign_other_equity,55,0.06889503371806538,0.019258455380527506,0.09348114250484807
foreign_other_equity,56,0.06890992807534668,0.019769415920597888,0.09321470977371615
foreign_other_equity,57,0.06893661064647305,0.02021292270856856,0.09302599752200402
foreign_other_equity,58,0.06887544765223064,0.02033081872739695,0.0928108929508038
foreign_other_equity,59,0.06884580105043403,0.020598579876139,0.0921788640761958
foreign_other_equity,60,0.06879871888744282,0.021275946596101214,0.09184667827054227
foreign_other_equity,61,0.06885470672350857,0.021410782406835693,0.09199401129339857
foreign_other_equity,62,0.06887815868693625,0.02126576282787762,0.09161513416286349
foreign_other_equity,63,0.06894398682202851,0.02140817773086967,0.09115788599987562
foreign_other_equity,64,0.06891749505638778,0.021869723643985317,0.09094353807068756
foreign_other_equity,65,0.0690249381122634,0.022221205427508606,0.09082779461149881
foreign_other_equity,66,0.06911570787151544,0.02231576793626422,0.09068360703574863
foreign_other_equity,67,0.06910191020153089,0.023001776815415376,0.09033561361390485
foreign_other_equity,68,0.06910108405259607,0.02305268170842556,0.09023419768142094
foreign_other_equity,69,0.06911936444821598,0.02343445719023851,0.08990286126214775
foreign_other_equity,70,0.06915019818011992,0.023688492606643408,0.08970954981996582
foreign_other_equity,71,0.06916581743542083,0.02414054407058286,0.08953284152462682
foreign_other_equity,72,0.06916393816724486,0.024348558074458904,0.08901636437752303
foreign_other_equity,73,0.06920347034858154,0.024465150051971918,0.08893670630999351
foreign_other_equity,74,0.06919443882371135,0.024600183984164525,0.08913353065150398
foreign_other_equity,75,0.06922344891159771,0.024862489162703394,0.08888939750736169
foreign_other_equity,76,0.06929111016471823,0.02493656073559891,0.08862974025007708
foreign_other_equity,77,0.06924666736812157,0.025358459238006947,0.08804067197475551
foreign_other_equity,78,0.06927286353419948,0.02527881017220035,0.08802740879666726
foreign_other_equity,79,0.06928355924807805,0.025556114161681576,0.08764835029037421
foreign_other_equity,80,0.06931909993436736,0.02560601091485104,0.08726608175479278
foreign_other_equity,81,0.06929440819882382,0.02598361580358932,0.08714290292028415
foreign_other_equity,82,0.06929337119913548,0.026059135882366524,0.08694455392160783
foreign_other_equity,83,0.069206250094209,0.026383029785884693,0.08656021940745551
foreign_other_equity,84,0.06913604760915715,0.026493427180584117,0.08637183055796571
foreign_other_equity,85,0.06915397849383909,0.02674149012327276,0.08618967361138963
foreign_other_equity,86,0.06915575418021169,0.027017803515662964,0.08599378392332269
foreign_other_equity,87,0.06917778735717661,0.027346092849701575,0.08587272545351943
foreign_other_equity,88,0.06915466476462662,0.027370156695318393,0.08582233355694302
foreign_other_equity,89,0.06912255755159435,0.02756642094086903,0.08557277170029143
foreign_other_equity,90,0.06909492785687688,0.02765007089632432,0.08542401855384218
foreign_other_equity,91,0.06901801234945859,0.02786683105106369,0.08525874018880586
foreign_other_equity,92,0.06903890201694862,0.02818250782626519,0.08504792989716625
foreign_other_equity,93,0.06910939604406674,0.028244193982483345,0.08479474526256503
foreign_other_equity,94,0.0689972301771169,0.02825247967113298,0.08436098204109932
foreign_other_equity,95,0.06908675070371295,0.028381631204186464,0.08424601660001207
foreign_other_equity,96,0.06904395731658286,0.028391679706685435,0.08418403166349164
foreign_other_equity,97,0.06905570624459356,0.02856485741961534,0.0841677654168751
foreign_other_equity,98,0.06921818494877519,0.02883380034629135,0.0840788559188419
foreign_other_equity,99,0.06927430252435673,0.029014435597887855,0.08412473468390846
foreign_other_equity,100,0.06923096179385646,0.029132740075060504,0.08386243264700277
local_interest_rate_instruments,1,0.06114588165451229,-0.1060924469519593,0.2315308334713959
local_interest_rate_instruments,2,0.060971686041477735,-0.05987145753829337,0.17886306479473268
local_interest_rate_instruments,3,0.06099738396623966,-0.03874673173871179,0.15654283217194487
local_interest_rate_instruments,4,0.06072545832744569,-0.028157970703589497,0.1425786144403658
local_interest_rate_instruments,5,0.060712684467057354,-0.01866430142550024,0.13191884919764152
local_interest_rate_instruments,6,0.06074124731774466,-0.01269672759254492,0.1256442614645521
local_interest_rate_instruments,7,0.060732755737892274,-0.006924754041059411,0.11930534865631603
local_interest_rate_instruments,8,0.06082561155483268,-0.003190473494431245,0.11518012701486002
local_interest_rate_instruments,9,0.06070393419787812,7.204130899163275e-05,0.11244249709955301
local_interest_rate_instruments,10,0.0606378691081535,0.003006367470285376,0.1090381461644272
local_interest_rate_instruments,11,0.06063539077907154,0.005750249717367817,0.10699658269651091
local_interest_rate_instruments,12,0.060560682684901,0.007813005562579134,0.10469790378424526
local_interest_rate_instruments,13,0.06061209773780041,0.009874730030927203,0.10320579880244551
local_interest_rate_instruments,14,0.06064520043116861,0.01174153607779549,0.10111042920610958
local_interest_rate_instruments,15,0.06046722360201029,0.01308114509517444,0.09969443540846523
local_interest_rate_instruments,16,0.06045039285316767,0.014909196901671029,0.09858908550769652
local_interest_rate_instruments,17,0.06040360188736882,0.015277460721406788,0.0969846322228769
local_interest_rate_instruments,18,0.060378352615727326,0.016603928259857348,0.0954309029145195
local_interest_rate_instruments,19,0.06047357555850952,0.017369216136685628,0.0946389495312372
local_interest_rate_instruments,20,0.06048478896369924,0.018927968489864222,0.09347544880382586
local_interest_rate_instruments,21,0.06055170469489868,0.019912791747027203,0.0926888536731767
local_interest_rate_instruments,22,0.06052878516247495,0.02080223356657518,0.09211287714501215
local_interest_rate_instruments,23,0.06052018062274889,0.021962255560145305,0.09058762615557181
local_interest_rate_instruments,24,0.060468324585431166,0.022324684245995208,0.09016162733154154
local_interest_rate_instruments,25,0.060516807714523946,0.023362595467375513,0.08981698515406045
local_interest_rate_instruments,26,0.06043156928553639,0.023621051499422174,0.08871603069155043
local_interest_rate_instruments,27,0.06046458172004843,0.024412429944523417,0.0883936987953724
local_interest_rate_instruments,28,0.060490406576254374,0.024874246846121384,0.08799383236763947
local_interest_rate_instruments,29,0.06055904255724087,0.025356692525229096,0.08757029171575303
local_interest_rate_instruments,30,0.0604940688499338,0.025826167308907078,0.08686057156832439
local_interest_rate_instruments,31,0.06054809394945515,0.026316078179260183,0.08635728688004618
local_interest_rate_instruments,32,0.060583425257630275,0.02639197712260022,0.08613729234418677
local_interest_rate_instruments,33,0.060570530503591735,0.026901285388081675,0.08557526906958746
local_interest_rate_instruments,34,0.0605902251560384,0.027187779002856738,0.08540381373288253
local_interest_rate_instruments,35,0.06062458734647325,0.027419319868325687,0.08460993872279499
local_interest_rate_instruments,36,0.06068272924806717,0.02793578497311633,0.08428815839462978
local_interest_rate_instruments,37,0.0606798019465713,0.028263243271486216,0.08354703371114391
local_interest_rate_instruments,38,0.060711288446729794,0.02853812756415297,0.08304069038379058
local_interest_rate_instruments,39,0.06075505615793819,0.029345835672313747,0.08258070725957034
local_interest_rate_instruments,40,0.06078233258954158,0.029566425524967466,0.0822857427319903
local_interest_rate_instruments,41,0.060770390126536844,0.029976798501085478,0.08216337374867777
local_interest_rate_instruments,42,0.0607669775162929,0.030028616366216676,0.08185263258082642
local_interest_rate_instruments,43,0.06079521483643502,0.03051666856540658,0.08151117175057432
local_interest_rate_instruments,44,0.06081080693505814,0.030588858249557038,0.08122164338218574
local_interest_rate_instruments,45,0.060804731668332,0.030993472857088644,0.08091573364206273
local_interest_rate_instruments,46,0.06085584914403874,0.031143132767072146,0.08072365119351854
local_interest_rate_instruments,47,0.06084041722700517,0.031432316381845515,0.08057204810080343
local_interest_rate_instruments,48,0.06085394883343964,0.03152449102640209,0.0805298206113303
local_interest_rate_instruments,49,0.06082694018629331,0.03179567738472788,0.07989745157204098
local_interest_rate_instruments,50,0.06086187825109879,0.03164258376851148,0.07997032760346867
local_interest_rate_instruments,51,0.060842194941496563,0.031857295519080786,0.07974201820817517
local_interest_rate_instruments,52,0.06084675131301798,0.03236799231490517,0.07928975260921223
local_interest_rate_instruments,53,0.06082696988355507,0.03268769610748112,0.07920387993225697
local_interest_rate_instruments,54,0.060818025148963395,0.03266838681003903,0.07906551044887444
local_interest_rate_instruments,55,0.060812469929135915,0.0330224457073518,0.07868713766220248
local_interest_rate_instruments,56,0.0607835292120531,0.033431962856200315,0.07870834386930703
local_interest_rate_instruments,57,0.06079526526279633,0.03361977951212736,0.07828934369678109
local_interest_rate_instruments,58,0.06081288142264185,0.03384970119816555,0.0782604647296794
local_interest_rate_instruments,59,0.060767537286970486,0.03386366689859921,0.07813712653901428
local_interest_rate_instruments,60,0.060770187393495156,0.03405789489284938,0.07759266254800834
local_interest_rate_instruments,61,0.06076263251938796,0.03432674854432971,0.07739823892151976
local_interest_rate_instruments,62,0.0607854887866357,0.03455782812286867,0.07720116247551512
local_interest_rate_instruments,63,0.06078111349995319,0.034514512833809796,0.07724681495944674
local_interest_rate_instruments,64,0.06080062039776979,0.03457224176440121,0.07710800810429097
local_interest_rate_instruments,65,0.060794296883689425,0.03460813316959821,0.07680931498616794
local_interest_rate_instruments,66,0.06079767843232542,0.03480447812001741,0.07674861981895997
local_interest_rate_instruments,67,0.06078004275243121,0.0350919149111526,0.07660683283166447
local_interest_rate_instruments,68,0.06074344833713696,0.03531351195778898,0.07631504126279753
local_interest_rate_instruments,69,0.06074570420097003,0.03554623547396907,0.07621980710298515
local_interest_rate_instruments,70,0.06077170149335864,0.03557245176136248,0.07606276448975646
local_interest_rate_instruments,71,0.0607914690887148,0.035969093595435986,0.07597342030150123
local_interest_rate_instruments,72,0.060788120521757305,0.03599016252655041,0.075840604758866
local_interest_rate_instruments,73,0.06076576946698231,0.03600905661855469,0.07574192670670721
local_interest_rate_instruments,74,0.060758249604855985,0.03609561673054795,0.07557768056518754
local_interest_rate_instruments,75,0.06072425659614589,0.03621667460624178,0.07532264881005202
local_interest_rate_instruments,76,0.060730986187848,0.03646562687817334,0.07529483601409148
local_interest_rate_instruments,77,0.06075089472141326,0.03658025075906024,0.0752598853794233
local_interest_rate_instruments,78,0.06075278857684774,0.03656132901721976,0.07517808990757491
local_interest_rate_instruments,79,0.06073959984397592,0.03665387629982919,0.07493097265819881
local_interest_rate_instruments,80,0.06074318450682914,0.03695954458735251,0.07482976219128457
local_interest_rate_instruments,81,0.06076093363215507,0.03691333406896469,0.07473460106186991
local_interest_rate_instruments,82,0.06077349757334005,0.036963773381947895,0.07447287971950822
local_interest_rate_instruments,83,0.0607674778501639,0.0372224189418664,0.07441938380282731
local_interest_rate_instruments,84,0.0607593264315609,0.03715637991668186,0.0743402564501745
local_interest_rate_instruments,85,0.06073179640915938,0.03742229618088566,0.07416556165696142
local_interest_rate_instruments,86,0.06074726038870426,0.03756037069119289,0.07408466205164421
local_interest_rate_instruments,87,0.06077250245216015,0.03782415240561665,0.07428346394137986
local_interest_rate_instruments,88,0.06079279348672295,0.0379999776983766,0.07414344743655144
local_interest_rate_instruments,89,0.06080211232571853,0.03815033977650817,0.0739869816177221
local_interest_rate_instruments,90,0.06080271546551552,0.03826502377005325,0.07387268085873777
local_interest_rate_instruments,91,0.060804436756342284,0.038328225372848745,0.0737307818706423
local_interest_rate_instruments,92,0.06079924538953141,0.038334937718306206,0.07356620444938766
local_interest_rate_instruments,93,0.060778605344557146,0.038301183924940085,0.07344656855760023
local_interest_rate_instruments,94,0.06078485222287355,0.03830755811025255,0.07337903756002562
local_interest_rate_instruments,95,0.060790154477160074,0.038320261910135045,0.07326361230671563
local_interest_rate_instruments,96,0.060797938915523764,0.03845974700435706,0.07320312156283215
local_interest_rate_instruments,97,0.06079717966719067,0.03851814174260437,0.0730671000774139
local_interest_rate_instruments,98,0.06080279705106273,0.03848363252184028,0.0729453618803626
local_interest_rate_instruments,99,0.06084327386364263,0.03867880683441882,0.07298970729913057
local_interest_rate_instruments,100,0.0608401614464662,0.038830235008207925,0.07290484884321757
local_listed_equity,1,0.06681260083985552,-0.19479967810626198,0.3277994671084936
local_listed_equity,2,0.06476503685956048,-0.12892542630803605,0.24765240940358013
local_listed_equity,3,0.06446576035319906,-0.09634922882137142,0.20918370629586858
local_listed_equity,4,0.06347527663820585,-0.07725983841162143,0.1860697350911411
local_listed_equity,5,0.06357079564013923,-0.062206794175852065,0.17219089350512173
local_listed_equity,6,0.06385938420309234,-0.053314074126972644,0.16205367677193627
local_listed_equity,7,0.06369741013963237,-0.04454886753041598,0.15497202435834945
local_listed_equity,8,0.06414146212884675,-0.03754426153435242,0.14803101686873976
local_listed_equity,9,0.06434054861327554,-0.03448545510557943,0.14280367702934194
local_listed_equity,10,0.06458871850829428,-0.029185862470687995,0.13911076476926
local_listed_equity,11,0.0646205692213131,-0.025912404727311267,0.13416457821090222
local_listed_equity,12,0.0646743880182068,-0.022477215002722928,0.1305300493125101
local_listed_equity,13,0.06469980630348515,-0.020328530748359275,0.12780527280094556
local_listed_equity,14,0.06465367193996618,-0.01769322206870938,0.12517032882429202
local_listed_equity,15,0.06482368897153745,-0.014886503764773629,0.12252323254893316
local_listed_equity,16,0.06481730438164224,-0.013314124738314281,0.12090814398789096
local_listed_equity,17,0.06445465464090394,-0.011199769919288505,0.11882027697100073
local_listed_equity,18,0.06452377521991037,-0.008802111772060806,0.11705018058435779
local_listed_equity,19,0.06450340899555829,-0.006819275526863344,0.11404347599574582
local_listed_equity,20,0.06450358110541088,-0.005342137600554575,0.11217883657171646
local_listed_equity,21,0.06437481978237813,-0.00309750624338867,0.11140787977679634
local_listed_equity,22,0.06426461712091003,-0.0026919563622107567,0.10934818801560842
local_listed_equity,23,0.06422323659817009,-0.0016906099346220005,0.10838971218576421
local_listed_equity,24,0.06418944690396011,-0.0010169248763232108,0.10635944372837236
local_listed_equity,25,0.06428559263515754,0.00015902236290465943,0.10515750935936663
local_listed_equity,26,0.06423365110319645,0.0003305276501366361,0.1040460504052374
local_listed_equity,27,0.06428396173795914,0.0015214400278480422,0.10343725695951189
local_listed_equity,28,0.06437405319788159,0.002630382512559759,0.10260660769121
local_listed_equity,29,0.06432880842476862,0.003624152568662886,0.10249049156084422
local_listed_equity,30,0.06440491784306279,0.004310775403806089,0.10141266310804564
local_listed_equity,31,0.06422768481693697,0.005354453182096375,0.09987074682464026
local_listed_equity,32,0.06418322560840695,0.005747745780809499,0.09929869140747316
local_listed_equity,33,0.06417964173242985,0.006352865524445139,0.09812955919100674
local_listed_equity,34,0.0641649692157884,0.00695333978858792,0.09732273198705688
local_listed_equity,35,0.06410089255004991,0.007418928178928308,0.09688754942948319
local_listed_equity,36,0.06418077161238567,0.008116419932759467,0.09612592416673271
local_listed_equity,37,0.06410409442044318,0.008776959850722355,0.09474813088906897
local_listed_equity,38,0.06410973553860644,0.00914955611220547,0.0945252354382653
local_listed_equity,39,0.06417843992447936,0.009464785839662593,0.09360621159222804
local_listed_equity,40,0.06419983383515726,0.010224905503769754,0.09338466528569134
local_listed_equity,41,0.06424079633775825,0.010775271083930393,0.09285489980075678
local_listed_equity,42,0.06435004656647836,0.011319582391958738,0.092838221351778
local_listed_equity,43,0.06435837429456615,0.012114902685329554,0.09269396111433448
local_listed_equity,44,0.06429287790451466,0.012516805851680024,0.09251608519207255
local_listed_equity,45,0.06426737286133255,0.012850606435418133,0.0916417640462921
local_listed_equity,46,0.06421018850464355,0.012989599328587342,0.09059003291769563
local_listed_equity,47,0.06424218070995735,0.013508430162099572,0.09005860481974204
local_listed_equity,48,0.06429110964225782,0.013917662041247558,0.09027195082752448
local_listed_equity,49,0.06434430255989665,0.013818132581431497,0.08969763359678207
local_listed_equity,50,0.06436082324931136,0.014509993365592777,0.08955267615607876
local_listed_equity,51,0.06439272271430019,0.014957878819910286,0.0891310976057611
local_listed_equity,52,0.06439990050171085,0.015395697849161394,0.08891100263268714
local_listed_equity,53,0.0644427665883689,0.015473878395857232,0.08842628651372153
local_listed_equity,54,0.06437768372353703,0.015879356416437673,0.08835890592566442
local_listed_equity,55,0.06441606791684085,0.01588260796790797,0.08809160273625771
local_listed_equity,56,0.06445143560091604,0.01633804958458729,0.08827392032204573
local_listed_equity,57,0.06445291325114821,0.016465895417792087,0.08793418239963802
local_listed_equity,58,0.06442066355954856,0.01668534082432882,0.0873660834940535
local_listed_equity,59,0.06437866023315308,0.01714410848427894,0.08703567766322529
local_listed_equity,60,0.06440950885067287,0.017373782037540142,0.08658224295441919
local_listed_equity,61,0.06452171354207126,0.017887793543912567,0.08663536506977465
local_listed_equity,62,0.06446757837911576,0.017970994870046164,0.0862780851269993
local_listed_equity,63,0.06450196073771464,0.01837383404275572,0.08597973935167214
local_listed_equity,64,0.06451069842861235,0.018152240890800586,0.08570232872921602
local_listed_equity,65,0.06453579317097202,0.018685828037384944,0.08589824962753778
local_listed_equity,66,0.0645700497553019,0.01908989951064255,0.08559861151146442
local_listed_equity,67,0.0645999347164703,0.019069868047719263,0.08510526509629845
local_listed_equity,68,0.06464075236927269,0.01964500129188207,0.08505687718122834
local_listed_equity,69,0.0646389108911094,0.019881713260720524,0.08474721075575165
local_listed_equity,70,0.06462266235378755,0.019874655242154926,0.08443397687023002
local_listed_equity,71,0.06470898556914562,0.02013109238198174,0.08419841680823548
local_listed_equity,72,0.06478739916230936,0.020293127172927194,0.08396720912107014
local_listed_equity,73,0.06476828789198175,0.0203472955981725,0.08364446519707158
local_listed_equity,74,0.06472428912469175,0.020621099353096195,0.08351875069173764
local_listed_equity,75,0.06479482506476408,0.0211414733823323,0.08329744142399131
local_listed_equity,76,0.06469739494338445,0.02128335103529544,0.08305333915978452
local_listed_equity,77,0.06457923601671256,0.021727949796596313,0.0826980434922191
local_listed_equity,78,0.06457079387940512,0.021878927758931077,0.08247215130665997
local_listed_equity,79,0.0645959993461962,0.022107872890164026,0.0823043746201726
local_listed_equity,80,0.06458264035381456,0.022351203079438386,0.08223545846918001
local_listed_equity,81,0.06459018796488891,0.02247664641688618,0.0818455777144913
local_listed_equity,82,0.06467784928502884,0.022663418479743624,0.08176812054591842
local_listed_equity,83,0.06472005935099134,0.02256907487315396,0.08169532637395771
local_listed_equity,84,0.06469926784429791,0.022799595578821163,0.08162748939536701
local_listed_equity,85,0.06467700208500449,0.02296517428521727,0.08143390308105558
local_listed_equity,86,0.0647252079056364,0.023083695085383882,0.08136286612694299
local_listed_equity,87,0.06474918268661489,0.023183470904848402,0.08132005618257265
local_listed_equity,88,0.06468331046407183,0.0235188959687187,0.08102533213931307
local_listed_equity,89,0.06469371834349258,0.023628726314582904,0.08083927359111631
local_listed_equity,90,0.06472838100874712,0.023636021449235933,0.08096659320366473
local_listed_equity,91,0.06472796137338976,0.02390163229436304,0.08076753692892291
local_listed_equity,92,0.06470896199808363,0.024184170228312762,0.08044432867067108
local_listed_equity,93,0.06476383819008813,0.02430065541611026,0.0801148819056261
local_listed_equity,94,0.06470893346922746,0.024454937156247247,0.08010180780070186
local_listed_equity,95,0.06471725515121896,0.024904786565995707,0.07972370039406895
local_listed_equity,96,0.0647104296987231,0.025044594285710486,0.07947705952060646
local_listed_equity,97,0.06468153389747267,0.025076211802204096,0.07934251194333153
local_listed_equity,98,0.06473568748290504,0.02525168551884982,0.07938415172242363
local_listed_equity,99,0.06474495002698921,0.025374347211533754,0.07920539095630241
local_listed_equity,100,0.0647433583010053,0.02530627979586364,0.07902347874280524
local_listed_property,1,0.009749574482795342,-0.27344392285377406,0.298642671866973
local_listed_property,2,0.009143269811184629,-0.20056554828519335,0.2080936866885026
local_listed_property,3,0.009252366989965344,-0.16716575368918218,0.16645695064065746
local_listed_property,4,0.009308369624205115,-0.148794562098444,0.14530948982795056
local_listed_property,5,0.009766362009486995,-0.1343196298102607,0.13015551753168397
local_listed_property,6,0.009791384178101215,-0.12249907138192184,0.11716852052320137
local_listed_property,7,0.009620473912002714,-0.11359023019184744,0.1047893794787298
local_listed_property,8,0.00974070125449833,-0.10764824527328143,0.10009002751432172
local_listed_property,9,0.009451403208304177,-0.10288134108461444,0.09427538470592833
local_listed_property,10,0.009805978217275468,-0.09765461971997669,0.08851022705217448
local_listed_property,11,0.009593855855237976,-0.0933190181614989,0.08437070658714507
local_listed_property,12,0.009763638905688765,-0.08992663535372913,0.07949695899119646
local_listed_property,13,0.009709443663434625,-0.08653993301348828,0.07698762057506836
local_listed_property,14,0.009498236485198985,-0.08398788295218973,0.07316685288650349
local_listed_property,15,0.009659229377627865,-0.08005930850089793,0.07078662049706508
local_listed_property,16,0.009756281176441561,-0.07703864401336258,0.06862184636538227
local_listed_property,17,0.009806618095523856,-0.07523194162285052,0.0666996804061355
local_listed_property,18,0.009891007547393249,-0.07390397299800333,0.06501555895723765
local_listed_property,19,0.009829552617718784,-0.07194956271657504,0.0630126742050019
local_listed_property,20,0.009659725005399578,-0.07067625157588941,0.06049198022245661
local_listed_property,21,0.0097529644458767,-0.06886624756164306,0.05951921686737882
local_listed_property,22,0.00965300350942555,-0.06736642187882824,0.05763240353850119
local_listed_property,23,0.009494186564277696,-0.06646257695165791,0.05520312320378462
local_listed_property,24,0.009733535848326813,-0.06571499590174146,0.05409209463847997
local_listed_property,25,0.009841064216613349,-0.06455052852476606,0.053226169409753776
local_listed_property,26,0.009834030610649247,-0.06262359359758674,0.052217291784344644
local_listed_property,27,0.009813576845052241,-0.06168949200218887,0.05124928130702089
local_listed_property,28,0.009830518131219934,-0.06098004735237961,0.049728617277724485
local_listed_property,29,0.009911908814760784,-0.05947337299407951,0.04935270659772306
local_listed_property,30,0.009871989591164754,-0.058979891105001014,0.04833598671655559
local_listed_property,31,0.009874667355860067,-0.05859267077311903,0.047448877444719706
local_listed_property,32,0.009889993728477764,-0.05793117346596677,0.04685442124793093
local_listed_property,33,0.009931382559257962,-0.05728834228333135,0.045936937964073055
local_listed_property,34,0.009992782325416671,-0.05658702651671088,0.04523191133673321
local_listed_property,35,0.010141789213012453,-0.055681102121592274,0.044638840955319115
local_listed_property,36,0.01004159686750139,-0.05545851409647151,0.043957011533196644
local_listed_property,37,0.009987717247727623,-0.0549527448649717,0.04289174243366212
local_listed_property,38,0.009896558845289505,-0.05410743508995863,0.04263316388550509
local_listed_property,39,0.009888394095548758,-0.053441981381900594,0.04193333291430412
local_listed_property,40,0.009907852413559848,-0.05239090492137255,0.041596596944819764
local_listed_property,41,0.009837496299200277,-0.051702590988486286,0.041023850444751764
local_listed_property,42,0.009912569888154144,-0.05076449642847691,0.04055264196256392
local_listed_property,43,0.009812198395849236,-0.05013180018692298,0.039893871149403015
local_listed_property,44,0.009910645894720238,-0.049835911570098035,0.03908696670095968
local_listed_property,45,0.00986148113176033,-0.049568345855223295,0.03825902942710302
local_listed_property,46,0.009746746898632308,-0.04920464286489634,0.03784788265400363
local_listed_property,47,0.009755093192389985,-0.04844726031636415,0.037571011119800435
local_listed_property,48,0.009836745896936838,-0.048510770268176406,0.03725323488301657
local_listed_property,49,0.009705256204846524,-0.048400888526000774,0.036959157287002053
local_listed_property,50,0.009699146367319056,-0.0482273518316686,0.036518061068948615
local_listed_property,51,0.009644885284055604,-0.047611979998203435,0.036318500921791674
local_listed_property,52,0.00967423742722806,-0.0473789940269389,0.035445587247377786
local_listed_property,53,0.00974133283446621,-0.04716533641110643,0.034900520551133685
local_listed_property,54,0.009727186283390754,-0.04672983593367608,0.034581822074166046
local_listed_property,55,0.009617889331710261,-0.046139115923165996,0.03404275897478559
local_listed_property,56,0.009644240589240294,-0.04568500022329658,0.03387693199513664
local_listed_property,57,0.009628045991027623,-0.0452949979933448,0.03338254767157944
local_listed_property,58,0.009620756085239046,-0.04509053048642975,0.033281157339953626
local_listed_property,59,0.009692096876198208,-0.04489833838924173,0.03276662635270511
local_listed_property,60,0.009686279417222998,-0.04447818363617517,0.03262874879038402
local_listed_property,61,0.00961320894565576,-0.044177191005651206,0.03204808856044461
local_listed_property,62,0.009615467348485618,-0.043521597731839945,0.03163087035461842
local_listed_property,63,0.009594956522705811,-0.04326771816975239,0.0316240341545313
local_listed_property,64,0.009524528678628519,-0.04271258483671492,0.031104544227251063
local_listed_property,65,0.009513098975723056,-0.04260335734824772,0.03091571061823295
local_listed_property,66,0.00965978908250631,-0.0423693018591591,0.030535276607896122
local_listed_property,67,0.009680847040691498,-0.04205837298667203,0.030408132926909914
local_listed_property,68,0.009658291751413861,-0.04179315484113977,0.030051471868030255
local_listed_property,69,0.009625809263582807,-0.04152259417496795,0.02963564865515611
local_listed_property,70,0.009634239905873088,-0.041603140691523155,0.029224234758723933
local_listed_property,71,0.009736510632916806,-0.04142640711041434,0.02892769591451816
local_listed_property,72,0.009648176796384744,-0.040751281137647366,0.028831213745403428
local_listed_property,73,0.009688105045344786,-0.040843189888161935,0.02891931642949941
local_listed_property,74,0.00968866244027966,-0.04039202499403083,0.02846800556991913
local_listed_property,75,0.009745690779945582,-0.03995869315825329,0.028239828127843092
local_listed_property,76,0.00968476955405606,-0.03992172531764637,0.02804850049857821
local_listed_property,77,0.009717545058226973,-0.03965003004280032,0.027868400889426104
local_listed_property,78,0.00963652298424944,-0.039281360434716195,0.02777235750768403
local_listed_property,79,0.009602135458792738,-0.03937612499787391,0.02759115279854063
local_listed_property,80,0.009616113103974477,-0.03925489004840366,0.02745915067008342
local_listed_property,81,0.009575955863509789,-0.038809382244249124,0.026934857119618627
local_listed_property,82,0.009673249495555813,-0.03844201592750052,0.026557031549057752
local_listed_property,83,0.009717599432828905,-0.03820941444398429,0.026185472773871288
local_listed_property,84,0.009785338758473205,-0.03803886519133337,0.026067536627999432
local_listed_property,85,0.009761068788472826,-0.038167520096137886,0.02606510663067385
local_listed_property,86,0.009713359044897674,-0.037784090437853246,0.026124639673687833
local_listed_property,87,0.009729862248844201,-0.03772683475676086,0.025790135853086538
local_listed_property,88,0.009772590023784389,-0.03783189729822456,0.025585000744634545
local_listed_property,89,0.009713701232505922,-0.03775088443579244,0.02519587016799396
local_listed_property,90,0.009643050064164882,-0.037308427192279114,0.02497960384423914
local_listed_property,91,0.009619258110443285,-0.03726754747321959,0.025339533796234326
local_listed_property,92,0.00960837098807188,-0.036966264307474295,0.024842730260469237
local_listed_property,93,0.009587260644855489,-0.037070494161086764,0.024531736863051323
local_listed_property,94,0.009550339373432637,-0.0367102273760046,0.024704255356675198
local_listed_property,95,0.009513167795714983,-0.036587768605061854,0.02450122837140034
local_listed_property,96,0.009506078515721939,-0.03647385821745719,0.024316444451174313
local_listed_property,97,0.009546327944935262,-0.036159099297290664,0.024284434429968416
local_listed_property,98,0.009505920638459342,-0.03589145268827987,0.023968479987285907
local_listed_property,99,0.009470443912740878,-0.036130602941778944,0.023937601755107174
local_listed_property,100,0.009595962713572437,-0.035665965206490235,0.023636355660794806
local_other_equity,1,0.05329992930190186,-0.2308006594666382,0.33854653638487386
local_other_equity,2,0.05406660831822041,-0.1577952855774769,0.250286077800852
local_other_equity,3,0.054653280632762424,-0.12211243293348262,0.21094902194482734
local_other_equity,4,0.05464029107152224,-0.10274561505756319,0.1892938837052116
local_other_equity,5,0.05433394298439187,-0.08722641266965048,0.17126677065973417
local_other_equity,6,0.05429432952251778,-0.07686495593908593,0.15944217684796613
local_other_equity,7,0.05445360599023186,-0.06594763491791478,0.15107995569795762
local_other_equity,8,0.05452647494303697,-0.05996319925950866,0.14471516269862272
local_other_equity,9,0.05451898488513285,-0.055224390192397776,0.1374161916534844
local_other_equity,10,0.05455222018084749,-0.05071432494306549,0.13226711648074518
local_other_equity,11,0.05426511404289602,-0.04635749640635678,0.12725517418888388
local_other_equity,12,0.054209556441949136,-0.043356754641765805,0.1243568413590117
local_other_equity,13,0.05440752608693056,-0.03958938956960378,0.12071296856892211
local_other_equity,14,0.05440875147412427,-0.03759040049611784,0.11745814927864773
local_other_equity,15,0.054403474837548815,-0.034330497280112615,0.11617431290582925
local_other_equity,16,0.054128644070995824,-0.032327855059919974,0.11322470417982422
local_other_equity,17,0.054093205005976364,-0.029982294311652224,0.11036099938378241
local_other_equity,18,0.054130906247926935,-0.02829481636088893,0.10855648486773717
local_other_equity,19,0.05424574619453093,-0.02584254434425537,0.10661627830628384
local_other_equity,20,0.054242026056539494,-0.025097166638132218,0.10515632605111525
local_other_equity,21,0.05445239993959872,-0.023783325648414344,0.10296230889166758
local_other_equity,22,0.0543903554252243,-0.022083698682961783,0.1023086334246841
local_other_equity,23,0.05433779317419862,-0.020949181561592867,0.10074393814011717
local_other_equity,24,0.05438804192868063,-0.0187131240682894,0.09932690248288134
local_other_equity,25,0.05448262769447898,-0.018068751858642984,0.09830261364607318
local_other_equity,26,0.05454412251319507,-0.01772190123005457,0.09726034517086557
local_other_equity,27,0.05435740057486038,-0.016158317580515447,0.09578596489900915
local_other_equity,28,0.054251097474459,-0.0152026459967467,0.09496558017530443
local_other_equity,29,0.054296065121739456,-0.014087852475301421,0.09380698063829707
local_other_equity,30,0.05427137620651057,-0.0129970431710843,0.0927941194185884
local_other_equity,31,0.05416861345248947,-0.012746656823688696,0.09203106201597144
local_other_equity,32,0.054149979898276523,-0.012042629188859566,0.09150376119811332
local_other_equity,33,0.05404757191574294,-0.011103299002541034,0.09043395194911796
local_other_equity,34,0.05409797994684684,-0.009932219512518325,0.09064294783694105
local_other_equity,35,0.05410373936378865,-0.009583475242374684,0.08885089431566162
local_other_equity,36,0.05407355028604477,-0.008868947942561323,0.08877115879609465
local_other_equity,37,0.05397798035863488,-0.00842632735323845,0.08784018448822128
local_other_equity,38,0.053961243900946476,-0.007524685181055979,0.08714047712981321
local_other_equity,39,0.054012886153397055,-0.0065965009676765,0.08678013546610819
local_other_equity,40,0.05399390092952716,-0.0060864795081273515,0.0854866474043865
local_other_equity,41,0.05393941884779463,-0.005606248965283833,0.08467914831781975
local_other_equity,42,0.053841204625945105,-0.004775428528568049,0.08473195715728354
local_other_equity,43,0.05377809283417889,-0.004461969694599333,0.0836356442548376
local_other_equity,44,0.05369436496732449,-0.0035260599258712944,0.08257944000223882
local_other_equity,45,0.05368832376052879,-0.0029910356430080665,0.08220988151127595
local_other_equity,46,0.053833730718635175,-0.0030152758641081023,0.08245878365578663
local_other_equity,47,0.05388628366692649,-0.0026708517425638734,0.08203364173452155
local_other_equity,48,0.05376943956658353,-0.0017862155578426409,0.08172302073973103
local_other_equity,49,0.053683392925204965,-0.0014533524163240497,0.08106139347803176
local_other_equity,50,0.0537525697786172,-0.0009411152482310392,0.08044588314092027
local_other_equity,51,0.053703447935159465,-0.0005036380871623614,0.07992760396236309
local_other_equity,52,0.05358838003673694,5.958855018484144e-05,0.07933765053243724
local_other_equity,53,0.053654942265455086,-1.7031613532836332e-06,0.07929689869128054
local_other_equity,54,0.053811868390381434,0.0004998377007261467,0.07932717375487797
local_other_equity,55,0.05389461668836559,0.0007271339945076338,0.07898186909215288
local_other_equity,56,0.05390171920122255,0.0009734321523453549,0.07856955413862932
local_other_equity,57,0.053881231813109665,0.0013511084381574445,0.0781484037676008
local_other_equity,58,0.0538802693619278,0.002076079635068284,0.07765018506909982
local_other_equity,59,0.05385572149771334,0.0026468002649180367,0.07767210124780966
local_other_equity,60,0.053910535485778954,0.002927938008907338,0.07733289174417224
local_other_equity,61,0.05389042294360902,0.003161317546976461,0.0768601184250357
local_other_equity,62,0.05385738239931648,0.0034474460341946678,0.07680440549311318
local_other_equity,63,0.05381597603174848,0.0036301324838332594,0.07642144775735837
local_other_equity,64,0.05376875858175301,0.003959878292131513,0.07619229858966925
local_other_equity,65,0.05378331314743079,0.003906810291731455,0.07601368069848125
local_other_equity,66,0.05371517363183287,0.0041467256379381645,0.07548016165070592
local_other_equity,67,0.053773788702638825,0.004406269208332647,0.07543136123495087
local_other_equity,68,0.05373061758163811,0.004758754825813005,0.0747318676366453
local_other_equity,69,0.05376173927228001,0.005022302770562037,0.07440791055189644
local_other_equity,70,0.05375353239650771,0.005049919798810754,0.07430530760604581
local_other_equity,71,0.05374384856624981,0.005328164157442972,0.07439425228892538
local_other_equity,72,0.05376818528336669,0.005696530259750698,0.07411859157461986
local_other_equity,73,0.05385113286322207,0.005873031743122148,0.07378255448656956
local_other_equity,74,0.05390465817028711,0.006175615465666029,0.07318019851313351
local_other_equity,75,0.05387332605696926,0.006562041423353149,0.07349293152737824
local_other_equity,76,0.05395543219355359,0.0062397334785746494,0.0732114433091029
local_other_equity,77,0.05387237334629402,0.006684665825058778,0.07277021295994479
local_other_equity,78,0.05392724070492916,0.0066638481695329155,0.07266763563587819
local_other_equity,79,0.05387779528890335,0.006801360343282381,0.07228956872080383
local_other_equity,80,0.05390543932430525,0.00686481825652141,0.07245707115585631
local_other_equity,81,0.05402284139175917,0.0072858875985515326,0.07236309490736859
local_other_equity,82,0.05397730123317612,0.007190054790296774,0.07200454281115953
local_other_equity,83,0.054008108449248526,0.0074650586763227444,0.07165799325213418
local_other_equity,84,0.0539638132731417,0.007679019608942017,0.07151324350705623
local_other_equity,85,0.05396613095734537,0.007765820456430816,0.07143096712847319
local_other_equity,86,0.054017769146745165,0.007987268738816056,0.07122858241363494
local_other_equity,87,0.05400812109460085,0.007944198467902064,0.07084754941185945
local_other_equity,88,0.05406056868606224,0.008190135331197057,0.070691474205689
local_other_equity,89,0.05408371461922745,0.008485882194642524,0.0701596206847257
local_other_equity,90,0.05414774493666985,0.008441027971116455,0.07019086773763572
local_other_equity,91,0.05406920618491151,0.008728450921945186,0.07017325920415995
local_other_equity,92,0.05399255571089867,0.008962809881241096,0.06978183389618198
local_other_equity,93,0.054049297430440735,0.009037607065846442,0.06951995831545088
local_other_equity,94,0.05409646033572191,0.009325652360723025,0.06960161452473335
local_other_equity,95,0.054014892781986124,0.009476615145668665,0.06935768569184675
local_other_equity,96,0.054160484776462736,0.009516936232422335,0.06931681266644985
local_other_equity,97,0.05419131365498919,0.00965375185007078,0.06913316224165378
local_other_equity,98,0.054049852830755585,0.009801490254401246,0.06932368772353703
local_other_equity,99,0.054067323490730956,0.010115287508727588,0.06902641919235775
local_other_equity,100,0.05409649137718908,0.01045313326839703,0.06913514117012176
local_physical_property,1,0.006874340510965693,-0.15593243632591103,0.16853338229580728
local_physical_property,2,0.006507660375956847,-0.11055993731672964,0.11874108975407593
local_physical_property,3,0.006494305245491994,-0.0880842415657257,0.09558247216842197
local_physical_property,4,0.006665968632173502,-0.07787032316119913,0.08411673418380827
local_physical_property,5,0.006879375411226185,-0.06957019023035527,0.07574058370582537
local_physical_property,6,0.00709564682565289,-0.06296888716522486,0.0689833718586419
local_physical_property,7,0.00692764134094892,-0.05836340328383938,0.06307291443050689
local_physical_property,8,0.006881482858702492,-0.05497245216412161,0.059360233258474615
local_physical_property,9,0.006777897494308016,-0.0517586342331936,0.05624404582643239
local_physical_property,10,0.006880210058713088,-0.048529887200166044,0.05268983405775485
local_physical_property,11,0.00692245117867496,-0.04569555601909814,0.05046578683249714
local_physical_property,12,0.006907974005475603,-0.04392059499753953,0.04897228955723021
local_physical_property,13,0.0069475257331492735,-0.04204538133870306,0.046809103453153034
local_physical_property,14,0.00707035075062401,-0.040336701532371566,0.04591281328541341
local_physical_property,15,0.0071419730556065986,-0.03945317453188091,0.044265051871885674
local_physical_property,16,0.007139417031249762,-0.037752703061627146,0.042833191121695036
local_physical_property,17,0.007137314647672532,-0.0366039005813934,0.04169089663180503
local_physical_property,18,0.007128889021894125,-0.035717040751991336,0.04064223856180216
local_physical_property,19,0.007020137282127248,-0.0347439891322987,0.03937012513482019
local_physical_property,20,0.006930324195525639,-0.033954356194676794,0.03814003841057256
local_physical_property,21,0.0069102388044519625,-0.03318775233406546,0.037226417133350065
local_physical_property,22,0.006858307408300179,-0.031810377612216056,0.036327793766075755
local_physical_property,23,0.006860547468023892,-0.031287709207347025,0.0355914277321876
local_physical_property,24,0.00683880790345226,-0.03059222748139645,0.03503495109108523
local_physical_property,25,0.0069371378175733245,-0.030051183288959504,0.03448539204272261
local_physical_property,26,0.006949699499449125,-0.029647526450729877,0.03389497844787637
local_physical_property,27,0.006963479666864281,-0.028386131508069123,0.03327664186676382
local_physical_property,28,0.006893530237618739,-0.027891815333449976,0.03274632815683587
local_physical_property,29,0.006881313898499775,-0.02755052239630984,0.03198492046875745
local_physical_property,30,0.006855195492616151,-0.027297310320296142,0.03170350392217003
local_physical_property,31,0.006904936076951529,-0.026635323811344258,0.03129485924102515
local_physical_property,32,0.006853059953722873,-0.026370651275693047,0.030401714716438155
local_physical_property,33,0.00685847046910526,-0.025712814104773885,0.03031493309257005
local_physical_property,34,0.0068222921031020345,-0.025667991791676892,0.029847174491354433
local_physical_property,35,0.006832974323054186,-0.025090327948837254,0.02952142177947792
local_physical_property,36,0.006800574765299494,-0.02469973571734807,0.029052288876205257
local_physical_property,37,0.006771157088842461,-0.024331251233346785,0.028641886837296848
local_physical_property,38,0.006798734466907375,-0.023598100578072434,0.028152654948221167
local_physical_property,39,0.0068219765276569255,-0.02337868527072906,0.027741885673126854
local_physical_property,40,0.0067905085054349446,-0.022991939876311984,0.027540894520590387
local_physical_property,41,0.006791257059147959,-0.02276659487600796,0.02725969925085292
local_physical_property,42,0.006780760476745362,-0.022848476193684464,0.026812883214785588
local_physical_property,43,0.0067880114738452235,-0.022442245166927943,0.026458421007063304
local_physical_property,44,0.006779139060099748,-0.0223732844897786,0.0260618231996792
local_physical_property,45,0.006772151188654041,-0.02189227969590879,0.025665677591641733
local_physical_property,46,0.0067725797267637056,-0.02194612333856294,0.025430026446866538
local_physical_property,47,0.0067762222296294805,-0.021787532350792338,0.02518697566067374
local_physical_property,48,0.006807006115341352,-0.02148257058420533,0.025042404654066708
local_physical_property,49,0.0068045466187944825,-0.021078251110748236,0.02482208479764192
local_physical_property,50,0.006799461692004405,-0.020608791189631548,0.02467481676244332
local_physical_property,51,0.0068464200192790425,-0.020554038386211948,0.024299021083331818
local_physical_property,52,0.0068315127450491175,-0.02055981207001678,0.02428750869905394
local_physical_property,53,0.006801875766666354,-0.020237734318219958,0.023977187713472903
local_physical_property,54,0.006848005782472688,-0.019889407854174035,0.02388135443625372
local_physical_property,55,0.006846183508042225,-0.01955250526027741,0.023610867604370922
local_physical_property,56,0.006806247705191115,-0.019446308966918346,0.02336622454525883
local_physical_property,57,0.0067954899682471925,-0.019328844744897933,0.02319427779106209
local_physical_property,58,0.0067759321109825965,-0.01913767012707157,0.022905640806540895
local_physical_property,59,0.006807294432699784,-0.01903022118868014,0.022826050116431906
local_physical_property,60,0.006808173497496739,-0.018905259489804926,0.022694873337992583
local_physical_property,61,0.0068254497995339225,-0.018768936730299668,0.022548454854584454
local_physical_property,62,0.0068398382066952035,-0.018796436955010987,0.022564360909576475
local_physical_property,63,0.006816250464313889,-0.018385218313566654,0.022369736638928384
local_physical_property,64,0.0067693327173152795,-0.018201080269705794,0.022130141637943135
local_physical_property,65,0.0067847703516428215,-0.01813075886164528,0.022005224682366986
local_physical_property,66,0.006804238333260493,-0.017973564615901605,0.021940829293661368
local_physical_property,67,0.006823504380012668,-0.01787773216449895,0.021606048461642047
local_physical_property,68,0.006840714704420492,-0.017583809639706627,0.021463172547879994
local_physical_property,69,0.006823062913551281,-0.017637615042561894,0.021222350083569985
local_physical_property,70,0.006854006271173052,-0.017673399085490815,0.021092050295310916
local_physical_property,71,0.006818825092867575,-0.017756699452190272,0.02093896898595826
local_physical_property,72,0.0068275460742617256,-0.01742276330238124,0.02081446511493401
local_physical_property,73,0.006789927886640124,-0.017265437529080385,0.020835770303883727
local_physical_property,74,0.00679036110730924,-0.01696843729597053,0.02069572556480792
local_physical_property,75,0.006815066070802178,-0.016806591983473673,0.020514752120869284
local_physical_property,76,0.006786560048377854,-0.01659677483985189,0.020318990819572447
local_physical_property,77,0.006801312671686155,-0.016693077553102897,0.020291929278195342
local_physical_property,78,0.006795468614761546,-0.016500927231846818,0.02013376712687176
local_physical_property,79,0.00679278351778323,-0.016448648694710966,0.01986690641667077
local_physical_property,80,0.006814079939435613,-0.01641245772683586,0.01987390431605629
local_physical_property,81,0.006811215096419021,-0.016247556918299377,0.019860161943334065
local_physical_property,82,0.006787968095499641,-0.01605555227381339,0.01977222445257154
local_physical_property,83,0.006803268723136302,-0.01598817790597673,0.019816046391786468
local_physical_property,84,0.006804959285639622,-0.01575440933056038,0.019709568076669237
local_physical_property,85,0.006813644629659832,-0.01556147033170463,0.019587259925679668
local_physical_property,86,0.00680005627750746,-0.015624292109353122,0.019345671138072618
local_physical_property,87,0.006811520726919262,-0.01552735710286568,0.019220490639919374
local_physical_property,88,0.006812878827721525,-0.015229852071495742,0.019186416956877617
local_physical_property,89,0.0067958542220643015,-0.015122018762610101,0.019101199381804213
local_physical_property,90,0.006808973045508981,-0.015061062836527528,0.018980054257720758
local_physical_property,91,0.006795698161390584,-0.015122863493920224,0.018798434540083342
local_physical_property,92,0.006786440457327014,-0.01498342406683184,0.018657859560102352
local_physical_property,93,0.00680841312590208,-0.015039146968500172,0.01872282353336785
local_physical_property,94,0.006830710460381084,-0.014919229658624356,0.01860279959002198
local_physical_property,95,0.006844146226304693,-0.014822958051230906,0.0186287837009671
local_physical_property,96,0.0068460854801670745,-0.014868043941034137,0.018556214665030435
local_physical_property,97,0.006838932050617252,-0.014746360194451857,0.018384760694678315
local_physical_property,98,0.006853245267016694,-0.01452558520103997,0.018438164585629524
local_physical_property,99,0.006839632827011721,-0.014456156798000053,0.018257498389951277
local_physical_property,100,0.006867946101581257,-0.014253471768963188,0.01827635444719644
local_cash,1,0.05007345521349027,0.04189879900319915,0.05820451281905692
local_cash,2,0.05000128378956048,0.044177905943264095,0.05585182507296871
local_cash,3,0.04997983007217144,0.04534361760100025,0.054685023353782114
local_cash,4,0.04997546060886404,0.04591491439902429,0.05406581362797502
local_cash,5,0.049977324266819334,0.04632970392641611,0.05369800448987827
local_cash,6,0.04998986976665676,0.04662468552177046,0.05339850803208668
local_cash,7,0.04998982550986342,0.04686013519453258,0.05312729069272115
local_cash,8,0.0499947786022219,0.047049227648293224,0.052954224326500654
local_cash,9,0.049997655412770126,0.04720613944689522,0.05276923745137374
local_cash,10,0.049998388907276814,0.0473949046107065,0.05259959733464559
local_cash,11,0.04999561222450777,0.04750060457199612,0.05248297764151877
local_cash,12,0.04999403424404214,0.04758559240841076,0.05235706289692055
local_cash,13,0.049999566818730745,0.04774154720280421,0.052263642083606676
local_cash,14,0.05000177863996402,0.047795863610518685,0.05216510990069034
local_cash,15,0.050005616604438474,0.04787994233073656,0.05211355715281929
local_cash,16,0.05000562953162424,0.04794800869078619,0.052018665628139615
local_cash,17,0.050005626652213975,0.04800330932968433,0.05196176579475731
local_cash,18,0.050007046445304626,0.04806041503970193,0.05189638708373456
local_cash,19,0.05000926825673191,0.048101588402808204,0.051855597734139725
local_cash,20,0.05000600796546961,0.04814441370944311,0.05182089633235876
local_cash,21,0.05000241500556424,0.048183906287642575,0.05176905218321082
local_cash,22,0.04999503846225606,0.048238045518181005,0.051724409224757295
local_cash,23,0.04999300130364137,0.04826556228506451,0.051668030343388294
local_cash,24,0.04999293960005913,0.04831583824894392,0.05165897868482139
local_cash,25,0.04999436867632001,0.048350885827730394,0.05163301381521679
local_cash,26,0.049994084120084326,0.048361367897078456,0.051591971105009016
local_cash,27,0.0499957217374678,0.04840773039557611,0.05156357203250228
local_cash,28,0.04999485375489088,0.04842973349473412,0.05153074728287721
local_cash,29,0.049996693235803136,0.04844261104910186,0.051517565531498555
local_cash,30,0.0499989046297693,0.048484152804780356,0.05148669784532922
local_cash,31,0.04999542927424083,0.04850383362305766,0.05145371246179331
local_cash,32,0.04999263314702218,0.048531239509445045,0.05142473334307396
local_cash,33,0.049992252171668916,0.048554579044848944,0.051402289038234406
local_cash,34,0.04999320888113834,0.04857211456099386,0.0513985522876208
local_cash,35,0.04999328328560626,0.04859705860344121,0.05137841944586019
local_cash,36,0.049990920026151686,0.048607937889313835,0.05135655408974338
local_cash,37,0.049991699061757044,0.04862688952709715,0.05133240462400468
local_cash,38,0.0499928323551837,0.04862713091102577,0.051309250207693724
local_cash,39,0.0499911145246692,0.048658122424477535,0.0512886929083225
local_cash,40,0.049991894480162724,0.04865461346015709,0.05126978989416853
local_cash,41,0.04999286412214832,0.048680895024968196,0.05126449661898791
local_cash,42,0.04999380537015519,0.048683170019192534,0.05125275963975007
local_cash,43,0.0499935196246204,0.04870889323910221,0.05123411211054818
local_cash,44,0.049993119991943,0.04873146881320012,0.05122991014399614
local_cash,45,0.049992971895459704,0.04873710675412313,0.05121687806925945
local_cash,46,0.04999268408047408,0.04874869884080435,0.051198409294872294
local_cash,47,0.04999283093769824,0.048760474758037686,0.05118476774660863
local_cash,48,0.04999499882423142,0.048786408000811576,0.051174574876948986
local_cash,49,0.04999541134646246,0.04879870664576802,0.05117405590194468
local_cash,50,0.04999672587589643,0.048812048895988225,0.051165856852755986
local_cash,51,0.049997577299344176,0.04881912101268249,0.0511547846164635
local_cash,52,0.04999806137749929,0.04883172261615565,0.05114423199381579
local_cash,53,0.049999064933977655,0.04882659578743942,0.0511313220715206
local_cash,54,0.04999831303513802,0.04885052012784907,0.05111709661156616
local_cash,55,0.049998263122436715,0.048868630842530125,0.05110982328610714
local_cash,56,0.04999621357259798,0.04887646740852669,0.051091111694749225
local_cash,57,0.04999630876552108,0.04888464310003249,0.05108168898553034
local_cash,58,0.04999667873835323,0.04887730514699817,0.051068337606565706
local_cash,59,0.049997648873585376,0.04890290809264708,0.051048137981247965
local_cash,60,0.049997666646844685,0.048906595067170544,0.05104324215371081
local_cash,61,0.04999768955896311,0.048912280032265665,0.05103930925701494
local_cash,62,0.049997746541256216,0.048921104279910255,0.05103244271118146
local_cash,63,0.04999747689370437,0.04892337839785199,0.05102220275557556
local_cash,64,0.0499967281620759,0.04893687790938617,0.051012806087956886
local_cash,65,0.04999589288159734,0.048939543091266025,0.05100402696140982
local_cash,66,0.049996691132942805,0.048955128215218524,0.05100247069907615
local_cash,67,0.049996502472077875,0.048967353312899586,0.05098336439755613
local_cash,68,0.04999701599984685,0.048972860289724585,0.05097760007339014
local_cash,69,0.04999683975734581,0.048990305158011616,0.05097900876087125
local_cash,70,0.04999671347195389,0.04899243004155407,0.050970029975011766
local_cash,71,0.049997671131705834,0.049008064926847394,0.050966968845772787
local_cash,72,0.049997490451755056,0.049013491090146966,0.050961268453947994
local_cash,73,0.049998940659345514,0.0490158393995086,0.05095555391883355
local_cash,74,0.049998872628931545,0.04902268344383254,0.050940351025623665
local_cash,75,0.04999823319668728,0.049027163992681144,0.050933936829240745
local_cash,76,0.049998590007552135,0.04903592647691002,0.05092615310418891
local_cash,77,0.04999824835621891,0.04903658641531439,0.05092439688797157
local_cash,78,0.04999770862737907,0.049048058627657376,0.05091397717880408
local_cash,79,0.049996836876887274,0.049057720705314,0.05090240257914824
local_cash,80,0.049996359730986484,0.04906065127364867,0.0508967908961413
local_cash,81,0.04999598174462805,0.049064003090622865,0.050892573159702525
local_cash,82,0.04999609321930554,0.04906311891083881,0.05087989390343339
local_cash,83,0.04999562401516511,0.049075993551615404,0.05087802241814554
local_cash,84,0.04999589069543475,0.04908383725644905,0.05087001216046172
local_cash,85,0.0499970302691779,0.049102753025951795,0.05086044481401397
local_cash,86,0.04999674945867105,0.04910249743095263,0.05084928665436639
local_cash,87,0.04999716899965434,0.049107561353414875,0.05086031576323924
local_cash,88,0.04999797525567118,0.04910496279204346,0.05085187793430079
local_cash,89,0.04999816425209036,0.04911305542464506,0.05085232516179117
local_cash,90,0.04999898357150023,0.04911641256355348,0.05084871750299014
local_cash,91,0.04999819478598022,0.04912167222073349,0.05083525541741518
local_cash,92,0.04999765930647948,0.04912278096346001,0.05083509717234436
local_cash,93,0.04999792368151379,0.04913121198507642,0.05083573348007553
local_cash,94,0.0499972013919423,0.049138307065861975,0.05082719125469248
local_cash,95,0.049997705063859144,0.0491456410959461,0.05082460748068729
local_cash,96,0.049997646561737996,0.049142078921091015,0.05082207684596263
local_cash,97,0.04999767546591416,0.04914724944941384,0.050829305326982155
local_cash,98,0.04999760670965747,0.049156777012772546,0.05081947377897267
local_cash,99,0.049995938609198154,0.049160630457327104,0.05081671286199163
local_cash,100,0.049995907155921504,0.049160433495139655,0.05080416468764515
