Product Name,product_key,portfolio_key
Liberty Agile Retirement Annuity 2,liberty_retirement_annuity,stanlib_multi_asset_growth_fund
Liberty Agile Retirement Annuity 2,liberty_retirement_annuity,1nvest_global_government_bond_index_feeder_fund
Liberty Agile Retirement Annuity 2,liberty_retirement_annuity,ninety_one_money_market_fund
Liberty Agile Retirement Annuity 2,liberty_retirement_annuity,liberty_offshore_cautious
Liberty Agile Retirement Annuity 2,liberty_retirement_annuity,liberty_offshore_balanced_fund
Liberty Agile Retirement Annuity 2,liberty_retirement_annuity,liberty_offshore_aggressive
Liberty Agile Retirement Annuity 2,liberty_retirement_annuity,allan_gray_equity_fund
Liberty Evolve Retirement Annuity,evolve_retirement_annuity,liberty_capped_tracker
Liberty Agile Retirement Annuity 2,liberty_retirement_annuity,liberty_top_40_tracker
Liberty Evolve Retirement Annuity,evolve_retirement_annuity,liberty_top_40_tracker
Liberty Evolve Retirement Annuity,evolve_retirement_annuity,liberty_global_bond_tracker
Liberty Agile Retirement Annuity 2,liberty_retirement_annuity,liberty_cash_tracker
Liberty Evolve Retirement Annuity,evolve_retirement_annuity,liberty_cash_tracker
Liberty Agile Retirement Annuity 2,liberty_retirement_annuity,liberty_low_equity_tracker
Liberty Evolve Retirement Annuity,evolve_retirement_annuity,liberty_low_equity_tracker
Liberty Evolve Retirement Annuity,evolve_retirement_annuity,liberty_low_equity_tracker_c
Liberty Agile Retirement Annuity 2,liberty_retirement_annuity,liberty_medium_equity_tracker
Liberty Evolve Retirement Annuity,evolve_retirement_annuity,liberty_medium_equity_tracker
Liberty Evolve Retirement Annuity,evolve_retirement_annuity,liberty_medium_equity_tracker_c
Liberty Evolve Retirement Annuity,evolve_retirement_annuity,liberty_capped_tracker_c
Liberty Agile Retirement Annuity 2,liberty_retirement_annuity,liberty_top_40_tracker_c
Liberty Evolve Retirement Annuity,evolve_retirement_annuity,liberty_top_40_tracker_c
Liberty Agile Retirement Annuity 2,liberty_retirement_annuity,liberty_cpi_plus_c
Liberty Evolve Retirement Annuity,evolve_retirement_annuity,liberty_cpi_plus_c
Liberty Agile Retirement Annuity 2,liberty_retirement_annuity,liberty_unlisted_property
Liberty Evolve Retirement Annuity,evolve_retirement_annuity,liberty_unlisted_property
Liberty Evolve Retirement Annuity,evolve_retirement_annuity,liberty_unlisted_property_c
Liberty Evolve Retirement Annuity,evolve_retirement_annuity,allan_gray_stable_fund
Liberty Evolve Retirement Annuity,evolve_retirement_annuity,coronation_balanced_plus
Liberty Agile Retirement Annuity 2,liberty_retirement_annuity,liberty_conserv_equity_tracker
Liberty Evolve Retirement Annuity,evolve_retirement_annuity,liberty_conserv_equity_tracker
Liberty Agile Retirement Annuity 2,liberty_retirement_annuity,liberty_conserv_equity_tracker_c
Liberty Evolve Retirement Annuity,evolve_retirement_annuity,liberty_conserv_equity_tracker_c
Liberty Agile Retirement Annuity 2,liberty_retirement_annuity,liberty_balanced_equity_tracker
Liberty Evolve Retirement Annuity,evolve_retirement_annuity,liberty_balanced_equity_tracker
Liberty Agile Retirement Annuity 2,liberty_retirement_annuity,liberty_balanced_equity_tracker_c
Liberty Evolve Retirement Annuity,evolve_retirement_annuity,liberty_balanced_equity_tracker_c
Liberty Agile Retirement Annuity 2,liberty_retirement_annuity,liberty_high_equity_tracker
Liberty Evolve Retirement Annuity,evolve_retirement_annuity,liberty_high_equity_tracker
Liberty Agile Retirement Annuity 2,liberty_retirement_annuity,liberty_high_equity_tracker_c
Liberty Evolve Retirement Annuity,evolve_retirement_annuity,liberty_high_equity_tracker_c
Liberty Evolve Retirement Annuity,evolve_retirement_annuity,liberty_lower_capped_tracker
Liberty Evolve Retirement Annuity,evolve_retirement_annuity,liberty_lower_capped_tracker_c
Liberty Agile Retirement Annuity 2,liberty_retirement_annuity,coronation_balanced_defensive_fund
Liberty Evolve Retirement Annuity,evolve_retirement_annuity,coronation_balanced_defensive_fund
Liberty Agile Retirement Annuity 2,liberty_retirement_annuity,stanlib_money_market_fund
Liberty Evolve Retirement Annuity,evolve_retirement_annuity,stanlib_money_market_fund
Liberty Agile Retirement Annuity 2,liberty_retirement_annuity,stanlib_income_fund
Liberty Evolve Retirement Annuity,evolve_retirement_annuity,stanlib_income_fund
Liberty Agile Retirement Annuity 2,liberty_retirement_annuity,stanlib_property_income_fund
Liberty Evolve Retirement Annuity,evolve_retirement_annuity,stanlib_property_income_fund
Liberty Agile Retirement Annuity 2,liberty_retirement_annuity,stanlib_absolute_plus_fund
Liberty Evolve Retirement Annuity,evolve_retirement_annuity,stanlib_absolute_plus_fund
Liberty Evolve Retirement Annuity,evolve_retirement_annuity,stanlib_equity_fund
Liberty Evolve Retirement Annuity,evolve_retirement_annuity,stanlib_global_balanced_feeder_fund
Liberty Agile Retirement Annuity 2,liberty_retirement_annuity,coronation_strategic_income_fund
Liberty Evolve Retirement Annuity,evolve_retirement_annuity,coronation_strategic_income_fund
Liberty Agile Retirement Annuity 2,liberty_retirement_annuity,nedgroup_investments_opportunity_fund
Liberty Evolve Retirement Annuity,evolve_retirement_annuity,stanlib_global_property_feeder_fund
Liberty Evolve Retirement Annuity,evolve_retirement_annuity,liberty_global_equity_tracker
Liberty Agile Retirement Annuity 2,liberty_retirement_annuity,liberty_multi_manager_shari_ah_balanced_fund
Liberty Evolve Retirement Annuity,evolve_retirement_annuity,liberty_multi_manager_shari_ah_balanced_fund
Liberty Agile Retirement Annuity 2,liberty_retirement_annuity,coronation_balanced_plus_fund
Liberty Agile Retirement Annuity 2,liberty_retirement_annuity,stanlib_money_market_phasing_fund
Liberty Agile Retirement Annuity 2,liberty_retirement_annuity,allan_gray_balanced_fund
Liberty Agile Retirement Annuity 2,liberty_retirement_annuity,stanlib_multi_manager_shari_ah_balanced_fof
Liberty Agile Retirement Annuity 2,liberty_retirement_annuity,liberty_conservative_equity_tracker
Liberty Agile Retirement Annuity 2,liberty_retirement_annuity,seed_income_prescient_fund
Liberty Agile Retirement Annuity 2,liberty_retirement_annuity,optimum_bci_managed_growth_fund_c
Liberty Evolve Retirement Annuity,evolve_retirement_annuity,optimum_bci_managed_growth_fund_c
Liberty Agile Retirement Annuity 2,liberty_retirement_annuity,optimum_bci_stable_fund_c
Liberty Evolve Retirement Annuity,evolve_retirement_annuity,optimum_bci_stable_fund_c
Liberty Agile Retirement Annuity 2,liberty_retirement_annuity,optimum_bci_balanced_fund_c
Liberty Evolve Retirement Annuity,evolve_retirement_annuity,optimum_bci_balanced_fund_c
Liberty Evolve Retirement Annuity,evolve_retirement_annuity,stanlib_mm_shari_ah_balanced_fund_of_funds
Liberty Agile Retirement Annuity 2,liberty_retirement_annuity,stanlib_flexible_income_fund_b1
Liberty Evolve Retirement Annuity,evolve_retirement_annuity,stanlib_flexible_income_fund_b1
Liberty Agile Retirement Annuity 2,liberty_retirement_annuity,trg_moderate_prescient_fund_of_funds
Liberty Agile Retirement Annuity 2,liberty_retirement_annuity,multi_strategy_1
Liberty Evolve Retirement Annuity,evolve_retirement_annuity,multi_strategy_1
Liberty Evolve Retirement Annuity,evolve_retirement_annuity,multi_strategy_1_c
Liberty Agile Retirement Annuity 2,liberty_retirement_annuity,multi_strategy_3
Liberty Evolve Retirement Annuity,evolve_retirement_annuity,multi_strategy_3
Liberty Evolve Retirement Annuity,evolve_retirement_annuity,multi_strategy_3_c
Liberty Evolve Retirement Annuity,evolve_retirement_annuity,multi_strategy_5
Liberty Evolve Retirement Annuity,evolve_retirement_annuity,multi_strategy_5_c
Liberty Evolve Retirement Annuity,evolve_retirement_annuity,multi_strategy_2
Liberty Agile Retirement Annuity 2,liberty_retirement_annuity,multi_strategy_4
Liberty Evolve Retirement Annuity,evolve_retirement_annuity,multi_strategy_4
Liberty Evolve Retirement Annuity,evolve_retirement_annuity,multi_strategy_4_c
Liberty Agile Retirement Annuity 2,liberty_retirement_annuity,ninety_one_diversified_income_fund
Liberty Evolve Retirement Annuity,evolve_retirement_annuity,ninety_one_diversified_income_fund
Liberty Agile Retirement Annuity 2,liberty_retirement_annuity,ninety_one_cautious_managed_fund
Liberty Evolve Retirement Annuity,evolve_retirement_annuity,ninety_one_equity_fund
Liberty Agile Retirement Annuity 2,liberty_retirement_annuity,ninety_one_opportunity_fund
Liberty Evolve Retirement Annuity,evolve_retirement_annuity,ninety_one_opportunity_fund
Liberty Evolve Retirement Annuity,evolve_retirement_annuity,1nvest_low_equity_balanced_fund
Liberty Evolve Retirement Annuity,evolve_retirement_annuity,1nvest_high_equity_balanced_fund
Liberty Evolve Retirement Annuity,evolve_retirement_annuity,1nvest_index_fund
Liberty Evolve Retirement Annuity,evolve_retirement_annuity,stanlib_global_equity_feeder_fund
Liberty Evolve Retirement Annuity,evolve_retirement_annuity,1nvest_s_and_p500_index_feeder_fund
Liberty Agile Retirement Annuity 2,liberty_retirement_annuity,1nvest_msci_world_index_feeder_fund
Liberty Evolve Retirement Annuity,evolve_retirement_annuity,1nvest_msci_world_index_feeder_fund
Liberty Agile Retirement Annuity 2,liberty_retirement_annuity,ninety_one_global_franchise_feeder_fund
Liberty Evolve Retirement Annuity,evolve_retirement_annuity,ninety_one_global_franchise_feeder_fund
Liberty Evolve Retirement Annuity,evolve_retirement_annuity,melville_douglas_global_equity_feeder_fund
Liberty Agile Retirement Annuity 2,liberty_retirement_annuity,stanlib_flexible_income_fund
Liberty Agile Retirement Annuity 2,liberty_retirement_annuity,1nvest_alsi_40_fund
Liberty Agile Retirement Annuity 2,liberty_retirement_annuity,camissa_islamic_equity_fund
Liberty Agile Retirement Annuity 2,liberty_retirement_annuity,m_and_g_balanced_fund
Liberty Evolve Retirement Annuity,evolve_retirement_annuity,m_and_g_balanced_fund
Liberty Agile Retirement Annuity 2,liberty_retirement_annuity,m_and_g_inflation_plus_fund
Liberty Evolve Retirement Annuity,evolve_retirement_annuity,m_and_g_inflation_plus_fund
Liberty Evolve Retirement Annuity,evolve_retirement_annuity,ninety_one_global_strategic_managed_feeder_fund
Liberty Evolve Retirement Annuity,evolve_retirement_annuity,stanlib_mm_global_equity_feeder_fund
Liberty Offshore Investment Plan,liberty_offshore_investment_plan,templeton_global_balanced
Liberty Excelsior 600 Capital Bond Endowment,liberty_investment_plan,excelsior_flexible_income
Liberty Excelsior 600 Capital Bond Endowment,liberty_investment_plan,camissa_balanced_fund
Liberty Excelsior 600 Capital Bond Endowment,liberty_investment_plan,camissa_islamic_balanced_fund
Liberty Excelsior 600 Capital Bond Endowment,liberty_investment_plan,camissa_islamic_high_yield_fund
Liberty Evolve Investment Plan,evolve_investment_plan,liberty_capped_tracker
Liberty Evolve Investment Plan,evolve_investment_plan,liberty_top_40_tracker
Liberty Evolve Investment Plan,evolve_investment_plan,liberty_global_bond_tracker
Liberty Evolve Investment Plan,evolve_investment_plan,liberty_cash_tracker
Liberty Evolve Investment Plan,evolve_investment_plan,liberty_low_equity_tracker
Liberty Evolve Investment Plan,evolve_investment_plan,liberty_low_equity_tracker_c
Liberty Evolve Investment Plan,evolve_investment_plan,liberty_medium_equity_tracker
Liberty Evolve Investment Plan,evolve_investment_plan,liberty_medium_equity_tracker_c
Liberty Evolve Investment Plan,evolve_investment_plan,liberty_capped_tracker_c
Liberty Evolve Investment Plan,evolve_investment_plan,liberty_top_40_tracker_c
Liberty Evolve Investment Plan,evolve_investment_plan,liberty_cpi_plus_c
Liberty Evolve Investment Plan,evolve_investment_plan,liberty_unlisted_property
Liberty Evolve Investment Plan,evolve_investment_plan,liberty_unlisted_property_c
Liberty Evolve Investment Plan,evolve_investment_plan,allan_gray_stable_fund
Liberty Evolve Investment Plan,evolve_investment_plan,coronation_balanced_plus
Liberty Evolve Investment Plan,evolve_investment_plan,liberty_conserv_equity_tracker
Liberty Evolve Investment Plan,evolve_investment_plan,liberty_conserv_equity_tracker_c
Liberty Evolve Investment Plan,evolve_investment_plan,liberty_balanced_equity_tracker
Liberty Evolve Investment Plan,evolve_investment_plan,liberty_balanced_equity_tracker_c
Liberty Evolve Investment Plan,evolve_investment_plan,liberty_high_equity_tracker
Liberty Evolve Investment Plan,evolve_investment_plan,liberty_high_equity_tracker_c
Liberty Evolve Investment Plan,evolve_investment_plan,liberty_lower_capped_tracker
Liberty Evolve Investment Plan,evolve_investment_plan,liberty_lower_capped_tracker_c
Liberty Evolve Investment Plan,evolve_investment_plan,coronation_balanced_defensive_fund
Liberty Evolve Investment Plan,evolve_investment_plan,stanlib_money_market_fund
Liberty Evolve Investment Plan,evolve_investment_plan,stanlib_income_fund
Liberty Evolve Investment Plan,evolve_investment_plan,stanlib_property_income_fund
Liberty Evolve Investment Plan,evolve_investment_plan,stanlib_absolute_plus_fund
Liberty Evolve Investment Plan,evolve_investment_plan,stanlib_equity_fund
Liberty Evolve Investment Plan,evolve_investment_plan,stanlib_global_balanced_feeder_fund
Liberty Evolve Investment Plan,evolve_investment_plan,coronation_strategic_income_fund
Liberty Evolve Investment Plan,evolve_investment_plan,stanlib_global_property_feeder_fund
Liberty Evolve Investment Plan,evolve_investment_plan,liberty_global_equity_tracker
Liberty Evolve Investment Plan,evolve_investment_plan,liberty_multi_manager_shari_ah_balanced_fund
Liberty Evolve Investment Plan,evolve_investment_plan,optimum_bci_managed_growth_fund_c
Liberty Evolve Investment Plan,evolve_investment_plan,optimum_bci_stable_fund_c
Liberty Evolve Investment Plan,evolve_investment_plan,optimum_bci_balanced_fund_c
Liberty Evolve Investment Plan,evolve_investment_plan,stanlib_mm_shari_ah_balanced_fund_of_funds
Liberty Evolve Investment Plan,evolve_investment_plan,stanlib_flexible_income_fund_b1
Liberty Evolve Investment Plan,evolve_investment_plan,multi_strategy_1
Liberty Evolve Investment Plan,evolve_investment_plan,multi_strategy_1_c
Liberty Evolve Investment Plan,evolve_investment_plan,multi_strategy_3
Liberty Evolve Investment Plan,evolve_investment_plan,multi_strategy_3_c
Liberty Evolve Investment Plan,evolve_investment_plan,multi_strategy_5
Liberty Evolve Investment Plan,evolve_investment_plan,multi_strategy_5_c
Liberty Evolve Investment Plan,evolve_investment_plan,multi_strategy_2
Liberty Evolve Investment Plan,evolve_investment_plan,multi_strategy_4
Liberty Evolve Investment Plan,evolve_investment_plan,multi_strategy_4_c
Liberty Evolve Investment Plan,evolve_investment_plan,ninety_one_diversified_income_fund
Liberty Evolve Investment Plan,evolve_investment_plan,ninety_one_equity_fund
Liberty Evolve Investment Plan,evolve_investment_plan,ninety_one_opportunity_fund
Liberty Evolve Investment Plan,evolve_investment_plan,1nvest_low_equity_balanced_fund
Liberty Evolve Investment Plan,evolve_investment_plan,1nvest_high_equity_balanced_fund
Liberty Evolve Investment Plan,evolve_investment_plan,1nvest_index_fund
Liberty Evolve Investment Plan,evolve_investment_plan,stanlib_global_equity_feeder_fund
Liberty Evolve Investment Plan,evolve_investment_plan,1nvest_s_and_p500_index_feeder_fund
Liberty Evolve Investment Plan,evolve_investment_plan,1nvest_msci_world_index_feeder_fund
Liberty Evolve Investment Plan,evolve_investment_plan,ninety_one_global_franchise_feeder_fund
Liberty Evolve Investment Plan,evolve_investment_plan,melville_douglas_global_equity_feeder_fund
Liberty Evolve Investment Plan,evolve_investment_plan,m_and_g_balanced_fund
Liberty Evolve Investment Plan,evolve_investment_plan,m_and_g_inflation_plus_fund
Liberty Evolve Investment Plan,evolve_investment_plan,ninety_one_global_strategic_managed_feeder_fund
Liberty Evolve Investment Plan,evolve_investment_plan,stanlib_mm_global_equity_feeder_fund
STASH by Liberty,stash_tfsa,liberty_cash_tracker
STASH by Liberty,stash_tfsa,liberty_top_40_tracker
Liberty Cash Tracker,cash_account,liberty_cash_tracker
Liberty Cash Account,cash_account,liberty_cash_tracker
